user_id,account_id,role,seat_count,last_active_date,country
USR-00001,ACC-0001,Admin,47,2026-03-24,United States
USR-00002,ACC-0001,Support Lead,47,2026-02-15,United States
USR-00003,ACC-0001,Operations Manager,47,2026-03-03,United States
USR-00004,ACC-0001,Analyst,47,2026-03-04,United States
USR-00005,ACC-0002,Operations Manager,44,2026-02-15,United States
USR-00006,ACC-0002,Admin,44,2026-03-27,United States
USR-00007,ACC-0003,Executive,136,2026-02-16,United Kingdom
USR-00008,ACC-0003,Operations Manager,136,2026-03-22,United Kingdom
USR-00009,ACC-0003,Executive,136,2026-03-03,United Kingdom
USR-00010,ACC-0003,Analyst,136,2026-03-12,United Kingdom
USR-00011,ACC-0003,Operations Manager,136,2026-03-14,United Kingdom
USR-00012,ACC-0003,Admin,136,2026-02-18,United Kingdom
USR-00013,ACC-0003,Analyst,136,2026-03-24,United Kingdom
USR-00014,ACC-0004,Analyst,51,2026-02-15,Canada
USR-00015,ACC-0004,Operations Manager,51,2026-03-14,Canada
USR-00016,ACC-0005,Admin,34,2026-03-02,Germany
USR-00017,ACC-0005,Admin,34,2026-02-16,Germany
USR-00018,ACC-0006,Executive,69,2026-03-28,Canada
USR-00019,ACC-0006,Executive,69,2026-02-18,Canada
USR-00020,ACC-0006,Analyst,69,2026-03-06,Canada
USR-00021,ACC-0006,Executive,69,2026-02-28,Canada
USR-00022,ACC-0007,Support Lead,108,2026-03-24,Japan
USR-00023,ACC-0007,Operations Manager,108,2026-03-07,Japan
USR-00024,ACC-0007,Executive,108,2026-03-01,Japan
USR-00025,ACC-0007,Operations Manager,108,2026-03-10,Japan
USR-00026,ACC-0007,Analyst,108,2026-03-24,Japan
USR-00027,ACC-0007,Support Lead,108,2026-03-20,Japan
USR-00028,ACC-0008,Support Lead,48,2026-02-21,Netherlands
USR-00029,ACC-0008,Support Lead,48,2026-03-29,Netherlands
USR-00030,ACC-0008,Operations Manager,48,2026-02-27,Netherlands
USR-00031,ACC-0008,Admin,48,2026-02-15,Netherlands
USR-00032,ACC-0009,Analyst,834,2026-03-30,Canada
USR-00033,ACC-0009,Admin,834,2026-03-23,Canada
USR-00034,ACC-0009,Support Lead,834,2026-03-01,Canada
USR-00035,ACC-0009,Admin,834,2026-03-28,Canada
USR-00036,ACC-0009,Executive,834,2026-03-05,Canada
USR-00037,ACC-0009,Admin,834,2026-02-28,Canada
USR-00038,ACC-0009,Analyst,834,2026-03-05,Canada
USR-00039,ACC-0009,Executive,834,2026-03-14,Canada
USR-00040,ACC-0009,Analyst,834,2026-02-28,Canada
USR-00041,ACC-0009,Support Lead,834,2026-03-04,Canada
USR-00042,ACC-0009,Executive,834,2026-03-21,Canada
USR-00043,ACC-0009,Executive,834,2026-03-06,Canada
USR-00044,ACC-0009,Operations Manager,834,2026-02-20,Canada
USR-00045,ACC-0009,Executive,834,2026-03-01,Canada
USR-00046,ACC-0010,Analyst,23,2026-03-10,Australia
USR-00047,ACC-0010,Executive,23,2026-03-16,Australia
USR-00048,ACC-0011,Analyst,15,2026-03-27,Germany
USR-00049,ACC-0011,Analyst,15,2026-03-20,Germany
USR-00050,ACC-0012,Operations Manager,515,2026-03-30,Mexico
USR-00051,ACC-0012,Support Lead,515,2026-02-15,Mexico
USR-00052,ACC-0012,Support Lead,515,2026-03-21,Mexico
USR-00053,ACC-0012,Operations Manager,515,2026-02-23,Mexico
USR-00054,ACC-0012,Analyst,515,2026-03-23,Mexico
USR-00055,ACC-0012,Admin,515,2026-03-18,Mexico
USR-00056,ACC-0012,Admin,515,2026-03-12,Mexico
USR-00057,ACC-0012,Analyst,515,2026-03-16,Mexico
USR-00058,ACC-0012,Operations Manager,515,2026-02-23,Mexico
USR-00059,ACC-0012,Executive,515,2026-02-16,Mexico
USR-00060,ACC-0012,Admin,515,2026-02-20,Mexico
USR-00061,ACC-0012,Operations Manager,515,2026-03-24,Mexico
USR-00062,ACC-0012,Operations Manager,515,2026-02-24,Mexico
USR-00063,ACC-0012,Support Lead,515,2026-03-24,Mexico
USR-00064,ACC-0013,Executive,41,2026-02-18,Brazil
USR-00065,ACC-0013,Analyst,41,2026-03-08,Brazil
USR-00066,ACC-0014,Operations Manager,55,2026-03-16,United States
USR-00067,ACC-0014,Executive,55,2026-03-24,United States
USR-00068,ACC-0014,Executive,55,2026-03-30,United States
USR-00069,ACC-0014,Operations Manager,55,2026-03-20,United States
USR-00070,ACC-0015,Operations Manager,16,2026-02-18,Canada
USR-00071,ACC-0015,Operations Manager,16,2026-02-23,Canada
USR-00072,ACC-0016,Operations Manager,29,2026-02-16,Mexico
USR-00073,ACC-0016,Support Lead,29,2026-03-26,Mexico
USR-00074,ACC-0017,Analyst,33,2026-03-04,Canada
USR-00075,ACC-0017,Admin,33,2026-03-19,Canada
USR-00076,ACC-0018,Support Lead,52,2026-03-07,Canada
USR-00077,ACC-0018,Support Lead,52,2026-03-16,Canada
USR-00078,ACC-0018,Executive,52,2026-03-18,Canada
USR-00079,ACC-0018,Admin,52,2026-03-05,Canada
USR-00080,ACC-0019,Operations Manager,33,2026-03-22,United States
USR-00081,ACC-0019,Admin,33,2026-03-10,United States
USR-00082,ACC-0020,Operations Manager,16,2026-03-02,Canada
USR-00083,ACC-0020,Admin,16,2026-03-25,Canada
USR-00084,ACC-0021,Operations Manager,525,2026-02-18,Singapore
USR-00085,ACC-0021,Admin,525,2026-03-08,Singapore
USR-00086,ACC-0021,Operations Manager,525,2026-02-22,Singapore
USR-00087,ACC-0021,Support Lead,525,2026-03-02,Singapore
USR-00088,ACC-0021,Operations Manager,525,2026-02-27,Singapore
USR-00089,ACC-0021,Executive,525,2026-02-27,Singapore
USR-00090,ACC-0021,Analyst,525,2026-02-20,Singapore
USR-00091,ACC-0021,Executive,525,2026-03-04,Singapore
USR-00092,ACC-0021,Executive,525,2026-03-18,Singapore
USR-00093,ACC-0021,Analyst,525,2026-03-26,Singapore
USR-00094,ACC-0021,Operations Manager,525,2026-03-04,Singapore
USR-00095,ACC-0021,Executive,525,2026-03-28,Singapore
USR-00096,ACC-0021,Executive,525,2026-03-20,Singapore
USR-00097,ACC-0021,Operations Manager,525,2026-03-28,Singapore
USR-00098,ACC-0022,Admin,9,2026-03-06,Chile
USR-00099,ACC-0022,Admin,9,2026-03-23,Chile
USR-00100,ACC-0023,Operations Manager,31,2026-03-04,Australia
USR-00101,ACC-0023,Admin,31,2026-02-24,Australia
USR-00102,ACC-0024,Admin,44,2026-02-22,France
USR-00103,ACC-0024,Executive,44,2026-03-17,France
USR-00104,ACC-0025,Support Lead,53,2026-03-06,Brazil
USR-00105,ACC-0025,Support Lead,53,2026-03-06,Brazil
USR-00106,ACC-0026,Analyst,47,2026-03-10,United Kingdom
USR-00107,ACC-0026,Support Lead,47,2026-03-02,United Kingdom
USR-00108,ACC-0027,Analyst,157,2026-03-21,Netherlands
USR-00109,ACC-0027,Executive,157,2026-02-15,Netherlands
USR-00110,ACC-0027,Admin,157,2026-03-26,Netherlands
USR-00111,ACC-0027,Operations Manager,157,2026-02-22,Netherlands
USR-00112,ACC-0027,Operations Manager,157,2026-03-04,Netherlands
USR-00113,ACC-0027,Executive,157,2026-03-20,Netherlands
USR-00114,ACC-0027,Admin,157,2026-02-26,Netherlands
USR-00115,ACC-0027,Support Lead,157,2026-03-27,Netherlands
USR-00116,ACC-0028,Executive,77,2026-02-24,India
USR-00117,ACC-0028,Operations Manager,77,2026-03-05,India
USR-00118,ACC-0028,Operations Manager,77,2026-03-26,India
USR-00119,ACC-0028,Executive,77,2026-03-27,India
USR-00120,ACC-0029,Analyst,47,2026-02-25,Canada
USR-00121,ACC-0029,Executive,47,2026-03-18,Canada
USR-00122,ACC-0030,Analyst,36,2026-02-19,Canada
USR-00123,ACC-0030,Admin,36,2026-02-25,Canada
USR-00124,ACC-0031,Support Lead,32,2026-02-28,United States
USR-00125,ACC-0031,Operations Manager,32,2026-03-18,United States
USR-00126,ACC-0032,Analyst,18,2026-02-27,Canada
USR-00127,ACC-0032,Admin,18,2026-02-17,Canada
USR-00128,ACC-0033,Admin,47,2026-03-26,Chile
USR-00129,ACC-0033,Analyst,47,2026-03-16,Chile
USR-00130,ACC-0034,Support Lead,81,2026-03-20,Canada
USR-00131,ACC-0034,Operations Manager,81,2026-03-13,Canada
USR-00132,ACC-0034,Executive,81,2026-02-26,Canada
USR-00133,ACC-0034,Admin,81,2026-03-10,Canada
USR-00134,ACC-0035,Operations Manager,36,2026-03-05,United Kingdom
USR-00135,ACC-0035,Operations Manager,36,2026-03-17,United Kingdom
USR-00136,ACC-0036,Support Lead,48,2026-03-24,Chile
USR-00137,ACC-0036,Operations Manager,48,2026-03-19,Chile
USR-00138,ACC-0037,Admin,16,2026-02-21,United Kingdom
USR-00139,ACC-0037,Operations Manager,16,2026-03-04,United Kingdom
USR-00140,ACC-0038,Analyst,32,2026-03-14,Japan
USR-00141,ACC-0038,Operations Manager,32,2026-02-24,Japan
USR-00142,ACC-0039,Operations Manager,139,2026-03-28,Brazil
USR-00143,ACC-0039,Support Lead,139,2026-03-19,Brazil
USR-00144,ACC-0039,Executive,139,2026-03-20,Brazil
USR-00145,ACC-0039,Analyst,139,2026-02-15,Brazil
USR-00146,ACC-0039,Admin,139,2026-02-27,Brazil
USR-00147,ACC-0039,Analyst,139,2026-03-03,Brazil
USR-00148,ACC-0039,Executive,139,2026-03-30,Brazil
USR-00149,ACC-0040,Operations Manager,51,2026-03-22,Netherlands
USR-00150,ACC-0040,Admin,51,2026-03-03,Netherlands
USR-00151,ACC-0041,Executive,51,2026-03-14,Netherlands
USR-00152,ACC-0041,Operations Manager,51,2026-02-18,Netherlands
USR-00153,ACC-0042,Operations Manager,53,2026-02-25,United States
USR-00154,ACC-0042,Executive,53,2026-03-11,United States
USR-00155,ACC-0043,Operations Manager,261,2026-02-26,Japan
USR-00156,ACC-0043,Executive,261,2026-02-16,Japan
USR-00157,ACC-0043,Executive,261,2026-03-10,Japan
USR-00158,ACC-0043,Executive,261,2026-03-02,Japan
USR-00159,ACC-0043,Admin,261,2026-02-18,Japan
USR-00160,ACC-0043,Executive,261,2026-03-20,Japan
USR-00161,ACC-0043,Operations Manager,261,2026-02-19,Japan
USR-00162,ACC-0043,Analyst,261,2026-03-26,Japan
USR-00163,ACC-0043,Support Lead,261,2026-03-02,Japan
USR-00164,ACC-0043,Analyst,261,2026-02-24,Japan
USR-00165,ACC-0043,Operations Manager,261,2026-03-03,Japan
USR-00166,ACC-0043,Operations Manager,261,2026-03-09,Japan
USR-00167,ACC-0043,Operations Manager,261,2026-03-03,Japan
USR-00168,ACC-0043,Operations Manager,261,2026-03-24,Japan
USR-00169,ACC-0044,Support Lead,39,2026-03-21,United States
USR-00170,ACC-0044,Analyst,39,2026-03-19,United States
USR-00171,ACC-0044,Admin,39,2026-03-04,United States
USR-00172,ACC-0044,Analyst,39,2026-03-11,United States
USR-00173,ACC-0045,Executive,42,2026-03-20,Canada
USR-00174,ACC-0045,Support Lead,42,2026-02-20,Canada
USR-00175,ACC-0046,Executive,14,2026-03-14,Brazil
USR-00176,ACC-0046,Support Lead,14,2026-03-11,Brazil
USR-00177,ACC-0047,Support Lead,76,2026-03-12,United States
USR-00178,ACC-0047,Analyst,76,2026-03-22,United States
USR-00179,ACC-0047,Analyst,76,2026-02-26,United States
USR-00180,ACC-0047,Operations Manager,76,2026-03-11,United States
USR-00181,ACC-0048,Analyst,39,2026-03-30,Singapore
USR-00182,ACC-0048,Operations Manager,39,2026-02-16,Singapore
USR-00183,ACC-0049,Operations Manager,33,2026-02-23,Netherlands
USR-00184,ACC-0049,Analyst,33,2026-02-27,Netherlands
USR-00185,ACC-0050,Operations Manager,108,2026-02-20,Chile
USR-00186,ACC-0050,Analyst,108,2026-02-19,Chile
USR-00187,ACC-0050,Admin,108,2026-03-16,Chile
USR-00188,ACC-0050,Operations Manager,108,2026-03-04,Chile
USR-00189,ACC-0050,Analyst,108,2026-03-04,Chile
USR-00190,ACC-0050,Operations Manager,108,2026-03-19,Chile
USR-00191,ACC-0051,Analyst,35,2026-03-21,United States
USR-00192,ACC-0051,Operations Manager,35,2026-03-25,United States
USR-00193,ACC-0052,Analyst,20,2026-03-01,Netherlands
USR-00194,ACC-0052,Analyst,20,2026-02-24,Netherlands
USR-00195,ACC-0053,Operations Manager,12,2026-02-25,Canada
USR-00196,ACC-0053,Support Lead,12,2026-03-17,Canada
USR-00197,ACC-0054,Support Lead,51,2026-03-21,Netherlands
USR-00198,ACC-0054,Support Lead,51,2026-03-11,Netherlands
USR-00199,ACC-0055,Analyst,124,2026-03-06,Netherlands
USR-00200,ACC-0055,Operations Manager,124,2026-02-18,Netherlands
USR-00201,ACC-0055,Operations Manager,124,2026-02-20,Netherlands
USR-00202,ACC-0055,Admin,124,2026-02-18,Netherlands
USR-00203,ACC-0055,Analyst,124,2026-02-21,Netherlands
USR-00204,ACC-0055,Analyst,124,2026-02-16,Netherlands
USR-00205,ACC-0056,Executive,14,2026-03-10,Japan
USR-00206,ACC-0056,Admin,14,2026-03-28,Japan
USR-00207,ACC-0057,Operations Manager,48,2026-03-27,United States
USR-00208,ACC-0057,Analyst,48,2026-03-13,United States
USR-00209,ACC-0058,Analyst,137,2026-03-19,United States
USR-00210,ACC-0058,Admin,137,2026-03-23,United States
USR-00211,ACC-0058,Admin,137,2026-02-17,United States
USR-00212,ACC-0058,Support Lead,137,2026-03-22,United States
USR-00213,ACC-0058,Admin,137,2026-02-16,United States
USR-00214,ACC-0058,Analyst,137,2026-02-25,United States
USR-00215,ACC-0058,Operations Manager,137,2026-03-02,United States
USR-00216,ACC-0059,Analyst,489,2026-03-01,Mexico
USR-00217,ACC-0059,Operations Manager,489,2026-03-16,Mexico
USR-00218,ACC-0059,Operations Manager,489,2026-03-02,Mexico
USR-00219,ACC-0059,Operations Manager,489,2026-03-22,Mexico
USR-00220,ACC-0059,Support Lead,489,2026-02-17,Mexico
USR-00221,ACC-0059,Operations Manager,489,2026-03-17,Mexico
USR-00222,ACC-0059,Operations Manager,489,2026-03-19,Mexico
USR-00223,ACC-0059,Analyst,489,2026-02-27,Mexico
USR-00224,ACC-0059,Operations Manager,489,2026-03-02,Mexico
USR-00225,ACC-0059,Support Lead,489,2026-03-11,Mexico
USR-00226,ACC-0059,Admin,489,2026-03-03,Mexico
USR-00227,ACC-0059,Operations Manager,489,2026-03-23,Mexico
USR-00228,ACC-0059,Support Lead,489,2026-03-01,Mexico
USR-00229,ACC-0059,Operations Manager,489,2026-03-19,Mexico
USR-00230,ACC-0060,Admin,41,2026-03-18,Germany
USR-00231,ACC-0060,Operations Manager,41,2026-03-23,Germany
USR-00232,ACC-0061,Support Lead,23,2026-03-16,Canada
USR-00233,ACC-0061,Admin,23,2026-03-16,Canada
USR-00234,ACC-0062,Analyst,304,2026-03-11,Canada
USR-00235,ACC-0062,Analyst,304,2026-03-22,Canada
USR-00236,ACC-0062,Executive,304,2026-03-22,Canada
USR-00237,ACC-0062,Executive,304,2026-03-07,Canada
USR-00238,ACC-0062,Admin,304,2026-03-25,Canada
USR-00239,ACC-0062,Support Lead,304,2026-02-28,Canada
USR-00240,ACC-0062,Operations Manager,304,2026-02-17,Canada
USR-00241,ACC-0062,Support Lead,304,2026-03-12,Canada
USR-00242,ACC-0062,Executive,304,2026-02-19,Canada
USR-00243,ACC-0062,Analyst,304,2026-03-26,Canada
USR-00244,ACC-0062,Support Lead,304,2026-03-29,Canada
USR-00245,ACC-0062,Analyst,304,2026-02-27,Canada
USR-00246,ACC-0062,Executive,304,2026-02-25,Canada
USR-00247,ACC-0062,Executive,304,2026-02-21,Canada
USR-00248,ACC-0063,Executive,475,2026-03-28,Netherlands
USR-00249,ACC-0063,Executive,475,2026-02-24,Netherlands
USR-00250,ACC-0063,Support Lead,475,2026-03-14,Netherlands
USR-00251,ACC-0063,Analyst,475,2026-03-17,Netherlands
USR-00252,ACC-0063,Executive,475,2026-03-23,Netherlands
USR-00253,ACC-0063,Analyst,475,2026-02-15,Netherlands
USR-00254,ACC-0063,Admin,475,2026-03-28,Netherlands
USR-00255,ACC-0063,Support Lead,475,2026-02-22,Netherlands
USR-00256,ACC-0063,Operations Manager,475,2026-03-02,Netherlands
USR-00257,ACC-0063,Executive,475,2026-02-26,Netherlands
USR-00258,ACC-0063,Support Lead,475,2026-02-27,Netherlands
USR-00259,ACC-0063,Executive,475,2026-02-21,Netherlands
USR-00260,ACC-0063,Support Lead,475,2026-03-22,Netherlands
USR-00261,ACC-0063,Analyst,475,2026-03-30,Netherlands
USR-00262,ACC-0064,Admin,701,2026-03-04,Netherlands
USR-00263,ACC-0064,Admin,701,2026-03-15,Netherlands
USR-00264,ACC-0064,Support Lead,701,2026-03-25,Netherlands
USR-00265,ACC-0064,Analyst,701,2026-03-22,Netherlands
USR-00266,ACC-0064,Executive,701,2026-03-16,Netherlands
USR-00267,ACC-0064,Admin,701,2026-03-27,Netherlands
USR-00268,ACC-0064,Operations Manager,701,2026-03-28,Netherlands
USR-00269,ACC-0064,Executive,701,2026-02-18,Netherlands
USR-00270,ACC-0064,Operations Manager,701,2026-03-17,Netherlands
USR-00271,ACC-0064,Admin,701,2026-02-15,Netherlands
USR-00272,ACC-0064,Support Lead,701,2026-02-16,Netherlands
USR-00273,ACC-0064,Admin,701,2026-03-24,Netherlands
USR-00274,ACC-0064,Analyst,701,2026-02-27,Netherlands
USR-00275,ACC-0064,Support Lead,701,2026-03-04,Netherlands
USR-00276,ACC-0065,Support Lead,9,2026-02-28,Netherlands
USR-00277,ACC-0065,Support Lead,9,2026-03-26,Netherlands
USR-00278,ACC-0066,Operations Manager,27,2026-03-22,Chile
USR-00279,ACC-0066,Executive,27,2026-03-27,Chile
USR-00280,ACC-0067,Admin,937,2026-03-04,France
USR-00281,ACC-0067,Admin,937,2026-02-15,France
USR-00282,ACC-0067,Executive,937,2026-03-01,France
USR-00283,ACC-0067,Operations Manager,937,2026-02-27,France
USR-00284,ACC-0067,Admin,937,2026-02-15,France
USR-00285,ACC-0067,Admin,937,2026-03-01,France
USR-00286,ACC-0067,Operations Manager,937,2026-03-29,France
USR-00287,ACC-0067,Analyst,937,2026-02-20,France
USR-00288,ACC-0067,Support Lead,937,2026-03-14,France
USR-00289,ACC-0067,Operations Manager,937,2026-03-30,France
USR-00290,ACC-0067,Executive,937,2026-03-08,France
USR-00291,ACC-0067,Analyst,937,2026-02-17,France
USR-00292,ACC-0067,Executive,937,2026-03-19,France
USR-00293,ACC-0067,Admin,937,2026-03-09,France
USR-00294,ACC-0068,Admin,38,2026-03-23,India
USR-00295,ACC-0068,Operations Manager,38,2026-03-28,India
USR-00296,ACC-0069,Analyst,78,2026-03-27,United States
USR-00297,ACC-0069,Operations Manager,78,2026-02-27,United States
USR-00298,ACC-0069,Support Lead,78,2026-02-20,United States
USR-00299,ACC-0069,Analyst,78,2026-03-24,United States
USR-00300,ACC-0070,Admin,18,2026-03-18,Japan
USR-00301,ACC-0070,Executive,18,2026-03-22,Japan
USR-00302,ACC-0071,Admin,43,2026-03-29,Canada
USR-00303,ACC-0071,Support Lead,43,2026-03-06,Canada
USR-00304,ACC-0072,Analyst,28,2026-02-28,United Kingdom
USR-00305,ACC-0072,Executive,28,2026-03-02,United Kingdom
USR-00306,ACC-0073,Admin,111,2026-03-13,United States
USR-00307,ACC-0073,Executive,111,2026-03-06,United States
USR-00308,ACC-0073,Support Lead,111,2026-03-26,United States
USR-00309,ACC-0073,Executive,111,2026-03-24,United States
USR-00310,ACC-0073,Operations Manager,111,2026-02-18,United States
USR-00311,ACC-0073,Analyst,111,2026-02-25,United States
USR-00312,ACC-0074,Operations Manager,690,2026-02-18,Canada
USR-00313,ACC-0074,Analyst,690,2026-02-18,Canada
USR-00314,ACC-0074,Analyst,690,2026-03-02,Canada
USR-00315,ACC-0074,Support Lead,690,2026-02-18,Canada
USR-00316,ACC-0074,Executive,690,2026-03-12,Canada
USR-00317,ACC-0074,Analyst,690,2026-03-30,Canada
USR-00318,ACC-0074,Operations Manager,690,2026-03-28,Canada
USR-00319,ACC-0074,Operations Manager,690,2026-03-26,Canada
USR-00320,ACC-0074,Executive,690,2026-03-26,Canada
USR-00321,ACC-0074,Analyst,690,2026-03-15,Canada
USR-00322,ACC-0074,Admin,690,2026-02-28,Canada
USR-00323,ACC-0074,Operations Manager,690,2026-02-24,Canada
USR-00324,ACC-0074,Analyst,690,2026-03-05,Canada
USR-00325,ACC-0074,Analyst,690,2026-03-24,Canada
USR-00326,ACC-0075,Support Lead,48,2026-02-26,United Kingdom
USR-00327,ACC-0075,Support Lead,48,2026-03-15,United Kingdom
USR-00328,ACC-0076,Analyst,34,2026-03-30,United States
USR-00329,ACC-0076,Analyst,34,2026-03-18,United States
USR-00330,ACC-0077,Support Lead,85,2026-03-16,France
USR-00331,ACC-0077,Analyst,85,2026-03-18,France
USR-00332,ACC-0077,Operations Manager,85,2026-02-23,France
USR-00333,ACC-0077,Operations Manager,85,2026-02-25,France
USR-00334,ACC-0078,Executive,158,2026-02-28,United Kingdom
USR-00335,ACC-0078,Operations Manager,158,2026-03-24,United Kingdom
USR-00336,ACC-0078,Admin,158,2026-02-23,United Kingdom
USR-00337,ACC-0078,Admin,158,2026-03-01,United Kingdom
USR-00338,ACC-0078,Admin,158,2026-03-22,United Kingdom
USR-00339,ACC-0078,Analyst,158,2026-03-02,United Kingdom
USR-00340,ACC-0078,Operations Manager,158,2026-03-09,United Kingdom
USR-00341,ACC-0078,Executive,158,2026-03-11,United Kingdom
USR-00342,ACC-0079,Admin,159,2026-03-26,Japan
USR-00343,ACC-0079,Executive,159,2026-03-08,Japan
USR-00344,ACC-0079,Support Lead,159,2026-03-26,Japan
USR-00345,ACC-0079,Admin,159,2026-03-23,Japan
USR-00346,ACC-0079,Operations Manager,159,2026-03-25,Japan
USR-00347,ACC-0079,Operations Manager,159,2026-02-17,Japan
USR-00348,ACC-0079,Operations Manager,159,2026-03-18,Japan
USR-00349,ACC-0079,Operations Manager,159,2026-03-15,Japan
USR-00350,ACC-0080,Admin,28,2026-03-16,Germany
USR-00351,ACC-0080,Admin,28,2026-02-19,Germany
USR-00352,ACC-0081,Analyst,34,2026-03-06,United States
USR-00353,ACC-0081,Executive,34,2026-02-18,United States
USR-00354,ACC-0082,Admin,29,2026-03-17,Canada
USR-00355,ACC-0082,Operations Manager,29,2026-03-25,Canada
USR-00356,ACC-0083,Analyst,369,2026-03-06,United States
USR-00357,ACC-0083,Support Lead,369,2026-03-15,United States
USR-00358,ACC-0083,Operations Manager,369,2026-02-23,United States
USR-00359,ACC-0083,Support Lead,369,2026-02-20,United States
USR-00360,ACC-0083,Analyst,369,2026-03-10,United States
USR-00361,ACC-0083,Analyst,369,2026-02-16,United States
USR-00362,ACC-0083,Operations Manager,369,2026-03-06,United States
USR-00363,ACC-0083,Analyst,369,2026-03-19,United States
USR-00364,ACC-0083,Analyst,369,2026-03-09,United States
USR-00365,ACC-0083,Analyst,369,2026-03-29,United States
USR-00366,ACC-0083,Support Lead,369,2026-02-23,United States
USR-00367,ACC-0083,Support Lead,369,2026-03-26,United States
USR-00368,ACC-0083,Analyst,369,2026-03-17,United States
USR-00369,ACC-0083,Support Lead,369,2026-03-06,United States
USR-00370,ACC-0084,Operations Manager,48,2026-03-29,Canada
USR-00371,ACC-0084,Operations Manager,48,2026-03-27,Canada
USR-00372,ACC-0085,Analyst,81,2026-02-28,Canada
USR-00373,ACC-0085,Admin,81,2026-03-27,Canada
USR-00374,ACC-0085,Admin,81,2026-03-10,Canada
USR-00375,ACC-0085,Executive,81,2026-03-16,Canada
USR-00376,ACC-0086,Admin,68,2026-03-20,United States
USR-00377,ACC-0086,Support Lead,68,2026-03-22,United States
USR-00378,ACC-0086,Analyst,68,2026-02-25,United States
USR-00379,ACC-0086,Analyst,68,2026-02-17,United States
USR-00380,ACC-0087,Admin,71,2026-03-24,Australia
USR-00381,ACC-0087,Analyst,71,2026-02-16,Australia
USR-00382,ACC-0087,Operations Manager,71,2026-03-04,Australia
USR-00383,ACC-0087,Analyst,71,2026-03-02,Australia
USR-00384,ACC-0088,Analyst,21,2026-02-27,Singapore
USR-00385,ACC-0088,Operations Manager,21,2026-02-28,Singapore
USR-00386,ACC-0089,Operations Manager,47,2026-02-22,Canada
USR-00387,ACC-0089,Executive,47,2026-03-09,Canada
USR-00388,ACC-0090,Analyst,45,2026-03-07,United Kingdom
USR-00389,ACC-0090,Analyst,45,2026-03-16,United Kingdom
USR-00390,ACC-0091,Admin,27,2026-03-26,Singapore
USR-00391,ACC-0091,Support Lead,27,2026-03-01,Singapore
USR-00392,ACC-0092,Analyst,42,2026-03-29,Singapore
USR-00393,ACC-0092,Support Lead,42,2026-03-18,Singapore
USR-00394,ACC-0092,Analyst,42,2026-03-26,Singapore
USR-00395,ACC-0092,Admin,42,2026-03-22,Singapore
USR-00396,ACC-0093,Executive,43,2026-03-02,Netherlands
USR-00397,ACC-0093,Admin,43,2026-03-03,Netherlands
USR-00398,ACC-0094,Analyst,171,2026-03-12,Germany
USR-00399,ACC-0094,Analyst,171,2026-03-27,Germany
USR-00400,ACC-0094,Executive,171,2026-03-11,Germany
USR-00401,ACC-0094,Operations Manager,171,2026-03-15,Germany
USR-00402,ACC-0094,Operations Manager,171,2026-02-27,Germany
USR-00403,ACC-0094,Executive,171,2026-03-05,Germany
USR-00404,ACC-0094,Analyst,171,2026-03-09,Germany
USR-00405,ACC-0094,Analyst,171,2026-03-09,Germany
USR-00406,ACC-0094,Analyst,171,2026-02-16,Germany
USR-00407,ACC-0095,Operations Manager,54,2026-02-25,Canada
USR-00408,ACC-0095,Support Lead,54,2026-03-09,Canada
USR-00409,ACC-0095,Analyst,54,2026-03-09,Canada
USR-00410,ACC-0096,Executive,33,2026-03-29,Japan
USR-00411,ACC-0096,Admin,33,2026-02-17,Japan
USR-00412,ACC-0097,Operations Manager,29,2026-03-16,United States
USR-00413,ACC-0097,Operations Manager,29,2026-03-19,United States
USR-00414,ACC-0098,Support Lead,26,2026-02-15,Netherlands
USR-00415,ACC-0098,Admin,26,2026-02-27,Netherlands
USR-00416,ACC-0099,Operations Manager,22,2026-03-28,United States
USR-00417,ACC-0099,Admin,22,2026-03-28,United States
USR-00418,ACC-0100,Support Lead,930,2026-03-29,United States
USR-00419,ACC-0100,Support Lead,930,2026-03-04,United States
USR-00420,ACC-0100,Analyst,930,2026-03-27,United States
USR-00421,ACC-0100,Executive,930,2026-02-17,United States
USR-00422,ACC-0100,Admin,930,2026-02-17,United States
USR-00423,ACC-0100,Operations Manager,930,2026-03-06,United States
USR-00424,ACC-0100,Analyst,930,2026-03-03,United States
USR-00425,ACC-0100,Operations Manager,930,2026-03-18,United States
USR-00426,ACC-0100,Support Lead,930,2026-03-28,United States
USR-00427,ACC-0100,Support Lead,930,2026-02-26,United States
USR-00428,ACC-0100,Operations Manager,930,2026-03-26,United States
USR-00429,ACC-0100,Support Lead,930,2026-03-27,United States
USR-00430,ACC-0100,Operations Manager,930,2026-03-17,United States
USR-00431,ACC-0100,Support Lead,930,2026-03-30,United States
USR-00432,ACC-0101,Analyst,856,2026-03-11,Netherlands
USR-00433,ACC-0101,Admin,856,2026-02-27,Netherlands
USR-00434,ACC-0101,Operations Manager,856,2026-02-23,Netherlands
USR-00435,ACC-0101,Support Lead,856,2026-03-04,Netherlands
USR-00436,ACC-0101,Analyst,856,2026-02-21,Netherlands
USR-00437,ACC-0101,Support Lead,856,2026-03-13,Netherlands
USR-00438,ACC-0101,Operations Manager,856,2026-02-21,Netherlands
USR-00439,ACC-0101,Executive,856,2026-03-08,Netherlands
USR-00440,ACC-0101,Support Lead,856,2026-03-21,Netherlands
USR-00441,ACC-0101,Support Lead,856,2026-02-17,Netherlands
USR-00442,ACC-0101,Support Lead,856,2026-03-18,Netherlands
USR-00443,ACC-0101,Analyst,856,2026-03-29,Netherlands
USR-00444,ACC-0101,Admin,856,2026-03-20,Netherlands
USR-00445,ACC-0101,Executive,856,2026-03-14,Netherlands
USR-00446,ACC-0102,Analyst,620,2026-03-15,Mexico
USR-00447,ACC-0102,Executive,620,2026-03-07,Mexico
USR-00448,ACC-0102,Executive,620,2026-02-20,Mexico
USR-00449,ACC-0102,Operations Manager,620,2026-03-18,Mexico
USR-00450,ACC-0102,Support Lead,620,2026-03-08,Mexico
USR-00451,ACC-0102,Admin,620,2026-03-16,Mexico
USR-00452,ACC-0102,Support Lead,620,2026-02-22,Mexico
USR-00453,ACC-0102,Operations Manager,620,2026-03-24,Mexico
USR-00454,ACC-0102,Analyst,620,2026-03-26,Mexico
USR-00455,ACC-0102,Support Lead,620,2026-03-08,Mexico
USR-00456,ACC-0102,Support Lead,620,2026-03-01,Mexico
USR-00457,ACC-0102,Analyst,620,2026-02-23,Mexico
USR-00458,ACC-0102,Support Lead,620,2026-03-05,Mexico
USR-00459,ACC-0102,Support Lead,620,2026-02-24,Mexico
USR-00460,ACC-0103,Admin,46,2026-03-13,Netherlands
USR-00461,ACC-0103,Operations Manager,46,2026-03-29,Netherlands
USR-00462,ACC-0103,Analyst,46,2026-03-25,Netherlands
USR-00463,ACC-0103,Analyst,46,2026-03-29,Netherlands
USR-00464,ACC-0104,Analyst,9,2026-03-16,United States
USR-00465,ACC-0104,Operations Manager,9,2026-03-09,United States
USR-00466,ACC-0105,Operations Manager,38,2026-03-15,Japan
USR-00467,ACC-0105,Executive,38,2026-03-06,Japan
USR-00468,ACC-0106,Operations Manager,21,2026-03-09,United States
USR-00469,ACC-0106,Operations Manager,21,2026-03-01,United States
USR-00470,ACC-0107,Operations Manager,24,2026-03-01,France
USR-00471,ACC-0107,Admin,24,2026-03-17,France
USR-00472,ACC-0108,Analyst,161,2026-03-15,United States
USR-00473,ACC-0108,Operations Manager,161,2026-03-05,United States
USR-00474,ACC-0108,Executive,161,2026-03-04,United States
USR-00475,ACC-0108,Operations Manager,161,2026-03-17,United States
USR-00476,ACC-0108,Analyst,161,2026-03-16,United States
USR-00477,ACC-0108,Analyst,161,2026-02-28,United States
USR-00478,ACC-0108,Support Lead,161,2026-03-02,United States
USR-00479,ACC-0108,Analyst,161,2026-03-25,United States
USR-00480,ACC-0109,Admin,47,2026-03-11,Netherlands
USR-00481,ACC-0109,Operations Manager,47,2026-02-19,Netherlands
USR-00482,ACC-0110,Analyst,10,2026-03-29,Canada
USR-00483,ACC-0110,Operations Manager,10,2026-02-21,Canada
USR-00484,ACC-0111,Operations Manager,33,2026-03-23,France
USR-00485,ACC-0111,Executive,33,2026-03-08,France
USR-00486,ACC-0112,Operations Manager,128,2026-03-12,United States
USR-00487,ACC-0112,Analyst,128,2026-03-30,United States
USR-00488,ACC-0112,Support Lead,128,2026-02-18,United States
USR-00489,ACC-0112,Operations Manager,128,2026-03-10,United States
USR-00490,ACC-0112,Operations Manager,128,2026-02-17,United States
USR-00491,ACC-0112,Analyst,128,2026-03-18,United States
USR-00492,ACC-0112,Support Lead,128,2026-02-20,United States
USR-00493,ACC-0113,Support Lead,222,2026-02-18,Canada
USR-00494,ACC-0113,Admin,222,2026-03-06,Canada
USR-00495,ACC-0113,Analyst,222,2026-03-22,Canada
USR-00496,ACC-0113,Executive,222,2026-02-28,Canada
USR-00497,ACC-0113,Operations Manager,222,2026-03-06,Canada
USR-00498,ACC-0113,Analyst,222,2026-02-17,Canada
USR-00499,ACC-0113,Admin,222,2026-03-11,Canada
USR-00500,ACC-0113,Operations Manager,222,2026-03-19,Canada
USR-00501,ACC-0113,Analyst,222,2026-03-24,Canada
USR-00502,ACC-0113,Support Lead,222,2026-02-28,Canada
USR-00503,ACC-0113,Analyst,222,2026-02-16,Canada
USR-00504,ACC-0113,Support Lead,222,2026-03-29,Canada
USR-00505,ACC-0114,Operations Manager,138,2026-02-26,United States
USR-00506,ACC-0114,Admin,138,2026-02-18,United States
USR-00507,ACC-0114,Analyst,138,2026-03-27,United States
USR-00508,ACC-0114,Analyst,138,2026-03-26,United States
USR-00509,ACC-0114,Analyst,138,2026-02-28,United States
USR-00510,ACC-0114,Analyst,138,2026-03-02,United States
USR-00511,ACC-0114,Support Lead,138,2026-03-27,United States
USR-00512,ACC-0115,Executive,472,2026-02-22,United States
USR-00513,ACC-0115,Operations Manager,472,2026-03-07,United States
USR-00514,ACC-0115,Executive,472,2026-02-19,United States
USR-00515,ACC-0115,Executive,472,2026-02-20,United States
USR-00516,ACC-0115,Analyst,472,2026-02-23,United States
USR-00517,ACC-0115,Executive,472,2026-03-08,United States
USR-00518,ACC-0115,Operations Manager,472,2026-03-19,United States
USR-00519,ACC-0115,Support Lead,472,2026-03-08,United States
USR-00520,ACC-0115,Analyst,472,2026-03-26,United States
USR-00521,ACC-0115,Admin,472,2026-03-02,United States
USR-00522,ACC-0115,Support Lead,472,2026-03-25,United States
USR-00523,ACC-0115,Admin,472,2026-03-08,United States
USR-00524,ACC-0115,Operations Manager,472,2026-03-28,United States
USR-00525,ACC-0115,Executive,472,2026-03-17,United States
USR-00526,ACC-0116,Analyst,163,2026-03-20,Germany
USR-00527,ACC-0116,Executive,163,2026-03-03,Germany
USR-00528,ACC-0116,Operations Manager,163,2026-02-24,Germany
USR-00529,ACC-0116,Operations Manager,163,2026-03-28,Germany
USR-00530,ACC-0116,Analyst,163,2026-02-21,Germany
USR-00531,ACC-0116,Admin,163,2026-02-21,Germany
USR-00532,ACC-0116,Operations Manager,163,2026-03-15,Germany
USR-00533,ACC-0116,Support Lead,163,2026-03-02,Germany
USR-00534,ACC-0116,Analyst,163,2026-03-13,Germany
USR-00535,ACC-0117,Operations Manager,21,2026-03-24,Canada
USR-00536,ACC-0117,Support Lead,21,2026-03-07,Canada
USR-00537,ACC-0118,Admin,396,2026-03-27,Netherlands
USR-00538,ACC-0118,Operations Manager,396,2026-02-20,Netherlands
USR-00539,ACC-0118,Support Lead,396,2026-02-18,Netherlands
USR-00540,ACC-0118,Operations Manager,396,2026-02-22,Netherlands
USR-00541,ACC-0118,Operations Manager,396,2026-03-06,Netherlands
USR-00542,ACC-0118,Analyst,396,2026-03-06,Netherlands
USR-00543,ACC-0118,Executive,396,2026-02-15,Netherlands
USR-00544,ACC-0118,Operations Manager,396,2026-03-20,Netherlands
USR-00545,ACC-0118,Analyst,396,2026-03-27,Netherlands
USR-00546,ACC-0118,Admin,396,2026-03-06,Netherlands
USR-00547,ACC-0118,Operations Manager,396,2026-03-16,Netherlands
USR-00548,ACC-0118,Executive,396,2026-03-16,Netherlands
USR-00549,ACC-0118,Support Lead,396,2026-03-30,Netherlands
USR-00550,ACC-0118,Executive,396,2026-03-04,Netherlands
USR-00551,ACC-0119,Operations Manager,25,2026-03-19,India
USR-00552,ACC-0119,Operations Manager,25,2026-03-22,India
USR-00553,ACC-0120,Executive,93,2026-03-29,Canada
USR-00554,ACC-0120,Operations Manager,93,2026-03-14,Canada
USR-00555,ACC-0120,Analyst,93,2026-02-20,Canada
USR-00556,ACC-0120,Support Lead,93,2026-03-16,Canada
USR-00557,ACC-0120,Support Lead,93,2026-03-01,Canada
USR-00558,ACC-0121,Analyst,136,2026-02-25,Netherlands
USR-00559,ACC-0121,Support Lead,136,2026-03-16,Netherlands
USR-00560,ACC-0121,Support Lead,136,2026-02-22,Netherlands
USR-00561,ACC-0121,Operations Manager,136,2026-02-28,Netherlands
USR-00562,ACC-0121,Executive,136,2026-03-06,Netherlands
USR-00563,ACC-0121,Support Lead,136,2026-03-30,Netherlands
USR-00564,ACC-0121,Admin,136,2026-03-29,Netherlands
USR-00565,ACC-0122,Operations Manager,34,2026-02-15,Australia
USR-00566,ACC-0122,Executive,34,2026-02-24,Australia
USR-00567,ACC-0123,Analyst,100,2026-02-17,United States
USR-00568,ACC-0123,Operations Manager,100,2026-02-19,United States
USR-00569,ACC-0123,Executive,100,2026-03-30,United States
USR-00570,ACC-0123,Admin,100,2026-02-24,United States
USR-00571,ACC-0123,Analyst,100,2026-03-11,United States
USR-00572,ACC-0124,Analyst,620,2026-02-24,Canada
USR-00573,ACC-0124,Admin,620,2026-03-30,Canada
USR-00574,ACC-0124,Executive,620,2026-03-18,Canada
USR-00575,ACC-0124,Analyst,620,2026-02-25,Canada
USR-00576,ACC-0124,Support Lead,620,2026-02-24,Canada
USR-00577,ACC-0124,Operations Manager,620,2026-03-03,Canada
USR-00578,ACC-0124,Operations Manager,620,2026-03-17,Canada
USR-00579,ACC-0124,Analyst,620,2026-03-17,Canada
USR-00580,ACC-0124,Support Lead,620,2026-02-16,Canada
USR-00581,ACC-0124,Support Lead,620,2026-03-11,Canada
USR-00582,ACC-0124,Admin,620,2026-03-11,Canada
USR-00583,ACC-0124,Admin,620,2026-03-06,Canada
USR-00584,ACC-0124,Support Lead,620,2026-03-12,Canada
USR-00585,ACC-0124,Admin,620,2026-03-06,Canada
USR-00586,ACC-0125,Admin,19,2026-03-11,Canada
USR-00587,ACC-0125,Analyst,19,2026-02-22,Canada
USR-00588,ACC-0126,Support Lead,78,2026-02-19,Brazil
USR-00589,ACC-0126,Admin,78,2026-02-17,Brazil
USR-00590,ACC-0126,Analyst,78,2026-03-06,Brazil
USR-00591,ACC-0126,Executive,78,2026-03-11,Brazil
USR-00592,ACC-0127,Executive,465,2026-02-27,India
USR-00593,ACC-0127,Operations Manager,465,2026-02-22,India
USR-00594,ACC-0127,Support Lead,465,2026-03-06,India
USR-00595,ACC-0127,Analyst,465,2026-02-28,India
USR-00596,ACC-0127,Operations Manager,465,2026-02-26,India
USR-00597,ACC-0127,Support Lead,465,2026-03-01,India
USR-00598,ACC-0127,Analyst,465,2026-02-26,India
USR-00599,ACC-0127,Support Lead,465,2026-03-21,India
USR-00600,ACC-0127,Support Lead,465,2026-03-09,India
USR-00601,ACC-0127,Admin,465,2026-03-05,India
USR-00602,ACC-0127,Analyst,465,2026-03-30,India
USR-00603,ACC-0127,Analyst,465,2026-02-21,India
USR-00604,ACC-0127,Admin,465,2026-03-04,India
USR-00605,ACC-0127,Admin,465,2026-03-25,India
USR-00606,ACC-0128,Support Lead,396,2026-02-23,United States
USR-00607,ACC-0128,Analyst,396,2026-02-27,United States
USR-00608,ACC-0128,Admin,396,2026-02-25,United States
USR-00609,ACC-0128,Operations Manager,396,2026-03-13,United States
USR-00610,ACC-0128,Analyst,396,2026-02-21,United States
USR-00611,ACC-0128,Analyst,396,2026-03-12,United States
USR-00612,ACC-0128,Executive,396,2026-03-05,United States
USR-00613,ACC-0128,Operations Manager,396,2026-03-30,United States
USR-00614,ACC-0128,Operations Manager,396,2026-03-02,United States
USR-00615,ACC-0128,Operations Manager,396,2026-02-27,United States
USR-00616,ACC-0128,Operations Manager,396,2026-03-06,United States
USR-00617,ACC-0128,Operations Manager,396,2026-03-09,United States
USR-00618,ACC-0128,Support Lead,396,2026-02-23,United States
USR-00619,ACC-0128,Operations Manager,396,2026-03-01,United States
USR-00620,ACC-0129,Support Lead,24,2026-03-18,Netherlands
USR-00621,ACC-0129,Executive,24,2026-02-16,Netherlands
USR-00622,ACC-0130,Operations Manager,35,2026-02-27,Canada
USR-00623,ACC-0130,Admin,35,2026-02-15,Canada
USR-00624,ACC-0131,Admin,53,2026-02-16,Canada
USR-00625,ACC-0131,Admin,53,2026-02-18,Canada
USR-00626,ACC-0132,Executive,293,2026-02-25,Canada
USR-00627,ACC-0132,Executive,293,2026-03-04,Canada
USR-00628,ACC-0132,Executive,293,2026-03-23,Canada
USR-00629,ACC-0132,Admin,293,2026-03-07,Canada
USR-00630,ACC-0132,Admin,293,2026-02-25,Canada
USR-00631,ACC-0132,Operations Manager,293,2026-03-08,Canada
USR-00632,ACC-0132,Support Lead,293,2026-02-20,Canada
USR-00633,ACC-0132,Support Lead,293,2026-03-26,Canada
USR-00634,ACC-0132,Executive,293,2026-03-14,Canada
USR-00635,ACC-0132,Executive,293,2026-03-08,Canada
USR-00636,ACC-0132,Operations Manager,293,2026-03-11,Canada
USR-00637,ACC-0132,Admin,293,2026-03-26,Canada
USR-00638,ACC-0132,Executive,293,2026-03-24,Canada
USR-00639,ACC-0132,Analyst,293,2026-02-22,Canada
USR-00640,ACC-0133,Support Lead,19,2026-03-09,France
USR-00641,ACC-0133,Operations Manager,19,2026-03-28,France
USR-00642,ACC-0134,Admin,37,2026-03-30,Germany
USR-00643,ACC-0134,Analyst,37,2026-03-10,Germany
USR-00644,ACC-0135,Operations Manager,29,2026-03-23,United Kingdom
USR-00645,ACC-0135,Executive,29,2026-02-27,United Kingdom
USR-00646,ACC-0136,Operations Manager,48,2026-02-24,Canada
USR-00647,ACC-0136,Operations Manager,48,2026-03-20,Canada
USR-00648,ACC-0136,Admin,48,2026-03-04,Canada
USR-00649,ACC-0136,Analyst,48,2026-03-24,Canada
USR-00650,ACC-0137,Operations Manager,49,2026-03-17,United Kingdom
USR-00651,ACC-0137,Support Lead,49,2026-02-19,United Kingdom
USR-00652,ACC-0138,Operations Manager,32,2026-03-07,United States
USR-00653,ACC-0138,Support Lead,32,2026-02-20,United States
USR-00654,ACC-0139,Admin,29,2026-03-21,United States
USR-00655,ACC-0139,Analyst,29,2026-03-16,United States
USR-00656,ACC-0140,Support Lead,199,2026-03-10,United States
USR-00657,ACC-0140,Operations Manager,199,2026-03-09,United States
USR-00658,ACC-0140,Admin,199,2026-02-15,United States
USR-00659,ACC-0140,Support Lead,199,2026-03-25,United States
USR-00660,ACC-0140,Admin,199,2026-02-21,United States
USR-00661,ACC-0140,Operations Manager,199,2026-02-20,United States
USR-00662,ACC-0140,Analyst,199,2026-03-06,United States
USR-00663,ACC-0140,Executive,199,2026-03-15,United States
USR-00664,ACC-0140,Analyst,199,2026-03-08,United States
USR-00665,ACC-0140,Analyst,199,2026-03-18,United States
USR-00666,ACC-0140,Support Lead,199,2026-02-23,United States
USR-00667,ACC-0141,Operations Manager,52,2026-03-09,Germany
USR-00668,ACC-0141,Admin,52,2026-02-18,Germany
USR-00669,ACC-0142,Admin,35,2026-03-03,Singapore
USR-00670,ACC-0142,Admin,35,2026-03-08,Singapore
USR-00671,ACC-0143,Analyst,53,2026-02-27,United States
USR-00672,ACC-0143,Support Lead,53,2026-03-08,United States
USR-00673,ACC-0144,Executive,31,2026-02-19,United States
USR-00674,ACC-0144,Operations Manager,31,2026-03-22,United States
USR-00675,ACC-0145,Admin,50,2026-02-16,Brazil
USR-00676,ACC-0145,Executive,50,2026-02-23,Brazil
USR-00677,ACC-0145,Admin,50,2026-02-21,Brazil
USR-00678,ACC-0145,Analyst,50,2026-03-09,Brazil
USR-00679,ACC-0146,Analyst,50,2026-02-22,Canada
USR-00680,ACC-0146,Operations Manager,50,2026-03-17,Canada
USR-00681,ACC-0147,Operations Manager,49,2026-02-25,India
USR-00682,ACC-0147,Admin,49,2026-03-24,India
USR-00683,ACC-0148,Operations Manager,11,2026-03-17,United Kingdom
USR-00684,ACC-0148,Analyst,11,2026-03-11,United Kingdom
USR-00685,ACC-0149,Operations Manager,127,2026-03-16,United Kingdom
USR-00686,ACC-0149,Analyst,127,2026-03-13,United Kingdom
USR-00687,ACC-0149,Operations Manager,127,2026-02-22,United Kingdom
USR-00688,ACC-0149,Executive,127,2026-03-19,United Kingdom
USR-00689,ACC-0149,Operations Manager,127,2026-02-26,United Kingdom
USR-00690,ACC-0149,Operations Manager,127,2026-03-27,United Kingdom
USR-00691,ACC-0149,Executive,127,2026-02-25,United Kingdom
USR-00692,ACC-0150,Executive,137,2026-02-24,Singapore
USR-00693,ACC-0150,Analyst,137,2026-03-13,Singapore
USR-00694,ACC-0150,Analyst,137,2026-02-27,Singapore
USR-00695,ACC-0150,Support Lead,137,2026-02-18,Singapore
USR-00696,ACC-0150,Analyst,137,2026-02-23,Singapore
USR-00697,ACC-0150,Admin,137,2026-03-13,Singapore
USR-00698,ACC-0150,Executive,137,2026-03-09,Singapore
USR-00699,ACC-0151,Executive,45,2026-02-24,United Kingdom
USR-00700,ACC-0151,Support Lead,45,2026-03-18,United Kingdom
USR-00701,ACC-0152,Analyst,32,2026-02-23,United States
USR-00702,ACC-0152,Analyst,32,2026-03-16,United States
USR-00703,ACC-0153,Analyst,256,2026-02-23,Germany
USR-00704,ACC-0153,Operations Manager,256,2026-03-27,Germany
USR-00705,ACC-0153,Operations Manager,256,2026-03-29,Germany
USR-00706,ACC-0153,Executive,256,2026-02-15,Germany
USR-00707,ACC-0153,Admin,256,2026-02-20,Germany
USR-00708,ACC-0153,Admin,256,2026-02-20,Germany
USR-00709,ACC-0153,Operations Manager,256,2026-02-17,Germany
USR-00710,ACC-0153,Operations Manager,256,2026-03-11,Germany
USR-00711,ACC-0153,Analyst,256,2026-03-18,Germany
USR-00712,ACC-0153,Analyst,256,2026-03-25,Germany
USR-00713,ACC-0153,Support Lead,256,2026-03-08,Germany
USR-00714,ACC-0153,Support Lead,256,2026-03-21,Germany
USR-00715,ACC-0153,Operations Manager,256,2026-02-17,Germany
USR-00716,ACC-0153,Admin,256,2026-03-30,Germany
USR-00717,ACC-0154,Operations Manager,91,2026-03-24,Canada
USR-00718,ACC-0154,Analyst,91,2026-03-20,Canada
USR-00719,ACC-0154,Admin,91,2026-03-22,Canada
USR-00720,ACC-0154,Operations Manager,91,2026-03-21,Canada
USR-00721,ACC-0154,Analyst,91,2026-03-02,Canada
USR-00722,ACC-0155,Operations Manager,48,2026-03-16,United Kingdom
USR-00723,ACC-0155,Executive,48,2026-03-03,United Kingdom
USR-00724,ACC-0156,Admin,17,2026-02-19,United States
USR-00725,ACC-0156,Operations Manager,17,2026-03-04,United States
USR-00726,ACC-0157,Executive,390,2026-02-28,Canada
USR-00727,ACC-0157,Operations Manager,390,2026-03-14,Canada
USR-00728,ACC-0157,Operations Manager,390,2026-03-23,Canada
USR-00729,ACC-0157,Support Lead,390,2026-03-16,Canada
USR-00730,ACC-0157,Admin,390,2026-02-16,Canada
USR-00731,ACC-0157,Analyst,390,2026-03-03,Canada
USR-00732,ACC-0157,Admin,390,2026-03-18,Canada
USR-00733,ACC-0157,Support Lead,390,2026-03-11,Canada
USR-00734,ACC-0157,Analyst,390,2026-02-22,Canada
USR-00735,ACC-0157,Executive,390,2026-03-01,Canada
USR-00736,ACC-0157,Operations Manager,390,2026-03-06,Canada
USR-00737,ACC-0157,Analyst,390,2026-02-20,Canada
USR-00738,ACC-0157,Support Lead,390,2026-03-01,Canada
USR-00739,ACC-0157,Admin,390,2026-03-02,Canada
USR-00740,ACC-0158,Analyst,17,2026-03-22,United States
USR-00741,ACC-0158,Operations Manager,17,2026-03-26,United States
USR-00742,ACC-0159,Executive,159,2026-02-16,United States
USR-00743,ACC-0159,Analyst,159,2026-03-04,United States
USR-00744,ACC-0159,Analyst,159,2026-03-12,United States
USR-00745,ACC-0159,Analyst,159,2026-03-05,United States
USR-00746,ACC-0159,Executive,159,2026-03-28,United States
USR-00747,ACC-0159,Operations Manager,159,2026-02-22,United States
USR-00748,ACC-0159,Operations Manager,159,2026-03-21,United States
USR-00749,ACC-0159,Admin,159,2026-02-23,United States
USR-00750,ACC-0160,Admin,51,2026-03-07,United States
USR-00751,ACC-0160,Support Lead,51,2026-03-18,United States
USR-00752,ACC-0161,Admin,38,2026-03-29,India
USR-00753,ACC-0161,Analyst,38,2026-02-23,India
USR-00754,ACC-0162,Support Lead,248,2026-03-23,United States
USR-00755,ACC-0162,Operations Manager,248,2026-03-28,United States
USR-00756,ACC-0162,Analyst,248,2026-02-25,United States
USR-00757,ACC-0162,Operations Manager,248,2026-03-15,United States
USR-00758,ACC-0162,Executive,248,2026-03-13,United States
USR-00759,ACC-0162,Support Lead,248,2026-03-20,United States
USR-00760,ACC-0162,Support Lead,248,2026-02-21,United States
USR-00761,ACC-0162,Analyst,248,2026-03-17,United States
USR-00762,ACC-0162,Analyst,248,2026-03-21,United States
USR-00763,ACC-0162,Operations Manager,248,2026-03-17,United States
USR-00764,ACC-0162,Operations Manager,248,2026-03-22,United States
USR-00765,ACC-0162,Executive,248,2026-03-17,United States
USR-00766,ACC-0162,Support Lead,248,2026-03-27,United States
USR-00767,ACC-0163,Admin,41,2026-03-24,India
USR-00768,ACC-0163,Admin,41,2026-03-12,India
USR-00769,ACC-0164,Executive,32,2026-02-20,Brazil
USR-00770,ACC-0164,Operations Manager,32,2026-03-28,Brazil
USR-00771,ACC-0165,Executive,31,2026-03-21,Brazil
USR-00772,ACC-0165,Admin,31,2026-02-19,Brazil
USR-00773,ACC-0166,Support Lead,44,2026-02-19,United Kingdom
USR-00774,ACC-0166,Admin,44,2026-03-01,United Kingdom
USR-00775,ACC-0167,Admin,10,2026-03-20,Australia
USR-00776,ACC-0167,Support Lead,10,2026-03-12,Australia
USR-00777,ACC-0168,Analyst,141,2026-03-21,Singapore
USR-00778,ACC-0168,Executive,141,2026-03-25,Singapore
USR-00779,ACC-0168,Admin,141,2026-03-14,Singapore
USR-00780,ACC-0168,Analyst,141,2026-03-05,Singapore
USR-00781,ACC-0168,Analyst,141,2026-03-15,Singapore
USR-00782,ACC-0168,Operations Manager,141,2026-03-04,Singapore
USR-00783,ACC-0168,Analyst,141,2026-03-17,Singapore
USR-00784,ACC-0169,Support Lead,15,2026-03-15,Japan
USR-00785,ACC-0169,Analyst,15,2026-02-24,Japan
USR-00786,ACC-0170,Admin,46,2026-02-20,Canada
USR-00787,ACC-0170,Admin,46,2026-03-16,Canada
USR-00788,ACC-0171,Admin,23,2026-03-05,Australia
USR-00789,ACC-0171,Analyst,23,2026-03-18,Australia
USR-00790,ACC-0172,Support Lead,8,2026-03-28,United States
USR-00791,ACC-0172,Operations Manager,8,2026-02-26,United States
USR-00792,ACC-0173,Operations Manager,37,2026-03-23,United Kingdom
USR-00793,ACC-0173,Analyst,37,2026-03-12,United Kingdom
USR-00794,ACC-0174,Operations Manager,30,2026-03-09,Canada
USR-00795,ACC-0174,Analyst,30,2026-03-22,Canada
USR-00796,ACC-0175,Executive,44,2026-03-26,Singapore
USR-00797,ACC-0175,Operations Manager,44,2026-03-15,Singapore
USR-00798,ACC-0176,Support Lead,179,2026-02-17,Mexico
USR-00799,ACC-0176,Analyst,179,2026-03-03,Mexico
USR-00800,ACC-0176,Analyst,179,2026-03-14,Mexico
USR-00801,ACC-0176,Analyst,179,2026-03-29,Mexico
USR-00802,ACC-0176,Admin,179,2026-03-04,Mexico
USR-00803,ACC-0176,Admin,179,2026-03-26,Mexico
USR-00804,ACC-0176,Executive,179,2026-03-07,Mexico
USR-00805,ACC-0176,Operations Manager,179,2026-02-25,Mexico
USR-00806,ACC-0176,Admin,179,2026-03-12,Mexico
USR-00807,ACC-0177,Operations Manager,39,2026-03-17,Singapore
USR-00808,ACC-0177,Support Lead,39,2026-03-28,Singapore
USR-00809,ACC-0178,Operations Manager,174,2026-03-29,Australia
USR-00810,ACC-0178,Support Lead,174,2026-03-12,Australia
USR-00811,ACC-0178,Admin,174,2026-02-20,Australia
USR-00812,ACC-0178,Analyst,174,2026-03-20,Australia
USR-00813,ACC-0178,Support Lead,174,2026-03-05,Australia
USR-00814,ACC-0178,Operations Manager,174,2026-02-28,Australia
USR-00815,ACC-0178,Admin,174,2026-03-28,Australia
USR-00816,ACC-0178,Operations Manager,174,2026-03-24,Australia
USR-00817,ACC-0178,Executive,174,2026-03-16,Australia
USR-00818,ACC-0179,Operations Manager,141,2026-03-01,Japan
USR-00819,ACC-0179,Support Lead,141,2026-03-11,Japan
USR-00820,ACC-0179,Analyst,141,2026-02-26,Japan
USR-00821,ACC-0179,Executive,141,2026-02-20,Japan
USR-00822,ACC-0179,Support Lead,141,2026-02-25,Japan
USR-00823,ACC-0179,Operations Manager,141,2026-02-15,Japan
USR-00824,ACC-0179,Operations Manager,141,2026-02-25,Japan
USR-00825,ACC-0180,Executive,44,2026-02-21,Netherlands
USR-00826,ACC-0180,Support Lead,44,2026-02-22,Netherlands
USR-00827,ACC-0181,Operations Manager,32,2026-02-26,Netherlands
USR-00828,ACC-0181,Operations Manager,32,2026-02-23,Netherlands
USR-00829,ACC-0182,Operations Manager,53,2026-02-17,Singapore
USR-00830,ACC-0182,Analyst,53,2026-03-10,Singapore
USR-00831,ACC-0183,Admin,127,2026-03-02,Mexico
USR-00832,ACC-0183,Support Lead,127,2026-03-08,Mexico
USR-00833,ACC-0183,Analyst,127,2026-02-21,Mexico
USR-00834,ACC-0183,Admin,127,2026-03-12,Mexico
USR-00835,ACC-0183,Admin,127,2026-02-22,Mexico
USR-00836,ACC-0183,Support Lead,127,2026-02-23,Mexico
USR-00837,ACC-0183,Operations Manager,127,2026-02-16,Mexico
USR-00838,ACC-0184,Operations Manager,20,2026-03-20,Japan
USR-00839,ACC-0184,Admin,20,2026-02-27,Japan
USR-00840,ACC-0185,Executive,568,2026-02-25,Singapore
USR-00841,ACC-0185,Operations Manager,568,2026-02-17,Singapore
USR-00842,ACC-0185,Analyst,568,2026-02-19,Singapore
USR-00843,ACC-0185,Support Lead,568,2026-03-05,Singapore
USR-00844,ACC-0185,Analyst,568,2026-03-05,Singapore
USR-00845,ACC-0185,Analyst,568,2026-03-23,Singapore
USR-00846,ACC-0185,Executive,568,2026-02-16,Singapore
USR-00847,ACC-0185,Operations Manager,568,2026-03-19,Singapore
USR-00848,ACC-0185,Executive,568,2026-02-27,Singapore
USR-00849,ACC-0185,Support Lead,568,2026-02-23,Singapore
USR-00850,ACC-0185,Admin,568,2026-03-11,Singapore
USR-00851,ACC-0185,Analyst,568,2026-03-21,Singapore
USR-00852,ACC-0185,Analyst,568,2026-03-22,Singapore
USR-00853,ACC-0185,Operations Manager,568,2026-02-21,Singapore
USR-00854,ACC-0186,Support Lead,176,2026-03-08,Brazil
USR-00855,ACC-0186,Executive,176,2026-03-27,Brazil
USR-00856,ACC-0186,Executive,176,2026-02-27,Brazil
USR-00857,ACC-0186,Admin,176,2026-03-19,Brazil
USR-00858,ACC-0186,Admin,176,2026-02-20,Brazil
USR-00859,ACC-0186,Analyst,176,2026-03-17,Brazil
USR-00860,ACC-0186,Executive,176,2026-03-22,Brazil
USR-00861,ACC-0186,Operations Manager,176,2026-03-27,Brazil
USR-00862,ACC-0186,Operations Manager,176,2026-03-08,Brazil
USR-00863,ACC-0187,Admin,39,2026-03-11,United States
USR-00864,ACC-0187,Analyst,39,2026-02-25,United States
USR-00865,ACC-0188,Admin,150,2026-03-10,Germany
USR-00866,ACC-0188,Operations Manager,150,2026-03-15,Germany
USR-00867,ACC-0188,Operations Manager,150,2026-03-19,Germany
USR-00868,ACC-0188,Operations Manager,150,2026-03-18,Germany
USR-00869,ACC-0188,Analyst,150,2026-02-18,Germany
USR-00870,ACC-0188,Analyst,150,2026-03-23,Germany
USR-00871,ACC-0188,Support Lead,150,2026-02-15,Germany
USR-00872,ACC-0188,Support Lead,150,2026-03-16,Germany
USR-00873,ACC-0189,Admin,11,2026-03-27,Netherlands
USR-00874,ACC-0189,Admin,11,2026-03-20,Netherlands
USR-00875,ACC-0190,Support Lead,44,2026-03-28,Mexico
USR-00876,ACC-0190,Executive,44,2026-02-24,Mexico
USR-00877,ACC-0191,Admin,23,2026-03-08,Canada
USR-00878,ACC-0191,Admin,23,2026-03-16,Canada
USR-00879,ACC-0192,Operations Manager,24,2026-03-01,Chile
USR-00880,ACC-0192,Support Lead,24,2026-03-03,Chile
USR-00881,ACC-0193,Admin,45,2026-02-17,India
USR-00882,ACC-0193,Operations Manager,45,2026-02-16,India
USR-00883,ACC-0194,Admin,10,2026-03-01,United Kingdom
USR-00884,ACC-0194,Operations Manager,10,2026-02-23,United Kingdom
USR-00885,ACC-0195,Support Lead,39,2026-02-24,Brazil
USR-00886,ACC-0195,Operations Manager,39,2026-03-09,Brazil
USR-00887,ACC-0196,Admin,9,2026-02-28,Brazil
USR-00888,ACC-0196,Admin,9,2026-03-27,Brazil
USR-00889,ACC-0197,Support Lead,95,2026-02-25,France
USR-00890,ACC-0197,Analyst,95,2026-02-16,France
USR-00891,ACC-0197,Support Lead,95,2026-03-27,France
USR-00892,ACC-0197,Operations Manager,95,2026-02-22,France
USR-00893,ACC-0197,Analyst,95,2026-02-17,France
USR-00894,ACC-0198,Admin,40,2026-03-21,Canada
USR-00895,ACC-0198,Operations Manager,40,2026-03-07,Canada
USR-00896,ACC-0199,Admin,13,2026-02-18,Netherlands
USR-00897,ACC-0199,Analyst,13,2026-02-16,Netherlands
USR-00898,ACC-0200,Operations Manager,124,2026-03-25,United States
USR-00899,ACC-0200,Admin,124,2026-03-15,United States
USR-00900,ACC-0200,Analyst,124,2026-02-28,United States
USR-00901,ACC-0200,Support Lead,124,2026-03-21,United States
USR-00902,ACC-0200,Admin,124,2026-03-16,United States
USR-00903,ACC-0200,Support Lead,124,2026-03-29,United States
USR-00904,ACC-0201,Admin,44,2026-03-24,Canada
USR-00905,ACC-0201,Analyst,44,2026-03-06,Canada
USR-00906,ACC-0202,Admin,174,2026-03-02,Chile
USR-00907,ACC-0202,Executive,174,2026-03-02,Chile
USR-00908,ACC-0202,Support Lead,174,2026-02-24,Chile
USR-00909,ACC-0202,Support Lead,174,2026-03-12,Chile
USR-00910,ACC-0202,Executive,174,2026-03-18,Chile
USR-00911,ACC-0202,Admin,174,2026-03-30,Chile
USR-00912,ACC-0202,Admin,174,2026-03-21,Chile
USR-00913,ACC-0202,Support Lead,174,2026-03-17,Chile
USR-00914,ACC-0202,Operations Manager,174,2026-03-23,Chile
USR-00915,ACC-0203,Operations Manager,924,2026-03-30,Netherlands
USR-00916,ACC-0203,Support Lead,924,2026-03-24,Netherlands
USR-00917,ACC-0203,Operations Manager,924,2026-03-01,Netherlands
USR-00918,ACC-0203,Admin,924,2026-03-03,Netherlands
USR-00919,ACC-0203,Analyst,924,2026-02-17,Netherlands
USR-00920,ACC-0203,Analyst,924,2026-02-23,Netherlands
USR-00921,ACC-0203,Operations Manager,924,2026-03-06,Netherlands
USR-00922,ACC-0203,Admin,924,2026-03-24,Netherlands
USR-00923,ACC-0203,Support Lead,924,2026-03-06,Netherlands
USR-00924,ACC-0203,Operations Manager,924,2026-03-28,Netherlands
USR-00925,ACC-0203,Support Lead,924,2026-03-12,Netherlands
USR-00926,ACC-0203,Support Lead,924,2026-03-13,Netherlands
USR-00927,ACC-0203,Executive,924,2026-03-12,Netherlands
USR-00928,ACC-0203,Analyst,924,2026-03-18,Netherlands
USR-00929,ACC-0204,Admin,41,2026-02-28,Japan
USR-00930,ACC-0204,Executive,41,2026-02-21,Japan
USR-00931,ACC-0205,Analyst,21,2026-02-25,Germany
USR-00932,ACC-0205,Executive,21,2026-03-03,Germany
USR-00933,ACC-0206,Operations Manager,429,2026-03-07,Canada
USR-00934,ACC-0206,Support Lead,429,2026-03-29,Canada
USR-00935,ACC-0206,Operations Manager,429,2026-02-27,Canada
USR-00936,ACC-0206,Admin,429,2026-03-07,Canada
USR-00937,ACC-0206,Admin,429,2026-03-19,Canada
USR-00938,ACC-0206,Analyst,429,2026-03-16,Canada
USR-00939,ACC-0206,Analyst,429,2026-02-17,Canada
USR-00940,ACC-0206,Operations Manager,429,2026-03-03,Canada
USR-00941,ACC-0206,Operations Manager,429,2026-03-10,Canada
USR-00942,ACC-0206,Operations Manager,429,2026-03-03,Canada
USR-00943,ACC-0206,Operations Manager,429,2026-03-12,Canada
USR-00944,ACC-0206,Admin,429,2026-03-10,Canada
USR-00945,ACC-0206,Analyst,429,2026-03-18,Canada
USR-00946,ACC-0206,Analyst,429,2026-03-11,Canada
USR-00947,ACC-0207,Support Lead,81,2026-02-28,Australia
USR-00948,ACC-0207,Executive,81,2026-03-29,Australia
USR-00949,ACC-0207,Admin,81,2026-02-24,Australia
USR-00950,ACC-0207,Analyst,81,2026-03-18,Australia
USR-00951,ACC-0208,Analyst,918,2026-02-28,Mexico
USR-00952,ACC-0208,Support Lead,918,2026-03-02,Mexico
USR-00953,ACC-0208,Admin,918,2026-03-02,Mexico
USR-00954,ACC-0208,Support Lead,918,2026-03-04,Mexico
USR-00955,ACC-0208,Operations Manager,918,2026-02-16,Mexico
USR-00956,ACC-0208,Analyst,918,2026-03-08,Mexico
USR-00957,ACC-0208,Analyst,918,2026-02-26,Mexico
USR-00958,ACC-0208,Support Lead,918,2026-02-27,Mexico
USR-00959,ACC-0208,Analyst,918,2026-03-20,Mexico
USR-00960,ACC-0208,Analyst,918,2026-03-18,Mexico
USR-00961,ACC-0208,Support Lead,918,2026-03-12,Mexico
USR-00962,ACC-0208,Admin,918,2026-03-18,Mexico
USR-00963,ACC-0208,Support Lead,918,2026-03-14,Mexico
USR-00964,ACC-0208,Support Lead,918,2026-03-13,Mexico
USR-00965,ACC-0209,Analyst,27,2026-03-04,India
USR-00966,ACC-0209,Analyst,27,2026-03-21,India
USR-00967,ACC-0210,Executive,176,2026-02-23,United Kingdom
USR-00968,ACC-0210,Analyst,176,2026-03-11,United Kingdom
USR-00969,ACC-0210,Executive,176,2026-02-27,United Kingdom
USR-00970,ACC-0210,Analyst,176,2026-03-27,United Kingdom
USR-00971,ACC-0210,Executive,176,2026-03-10,United Kingdom
USR-00972,ACC-0210,Support Lead,176,2026-03-29,United Kingdom
USR-00973,ACC-0210,Executive,176,2026-03-01,United Kingdom
USR-00974,ACC-0210,Operations Manager,176,2026-03-15,United Kingdom
USR-00975,ACC-0210,Analyst,176,2026-02-17,United Kingdom
USR-00976,ACC-0211,Operations Manager,49,2026-03-16,United States
USR-00977,ACC-0211,Support Lead,49,2026-03-06,United States
USR-00978,ACC-0211,Support Lead,49,2026-03-19,United States
USR-00979,ACC-0211,Operations Manager,49,2026-03-03,United States
USR-00980,ACC-0212,Support Lead,625,2026-03-10,Canada
USR-00981,ACC-0212,Support Lead,625,2026-03-14,Canada
USR-00982,ACC-0212,Executive,625,2026-03-22,Canada
USR-00983,ACC-0212,Admin,625,2026-03-26,Canada
USR-00984,ACC-0212,Executive,625,2026-03-25,Canada
USR-00985,ACC-0212,Analyst,625,2026-02-15,Canada
USR-00986,ACC-0212,Support Lead,625,2026-03-12,Canada
USR-00987,ACC-0212,Operations Manager,625,2026-03-30,Canada
USR-00988,ACC-0212,Analyst,625,2026-02-17,Canada
USR-00989,ACC-0212,Operations Manager,625,2026-03-30,Canada
USR-00990,ACC-0212,Admin,625,2026-03-12,Canada
USR-00991,ACC-0212,Operations Manager,625,2026-02-27,Canada
USR-00992,ACC-0212,Executive,625,2026-02-18,Canada
USR-00993,ACC-0212,Analyst,625,2026-02-27,Canada
USR-00994,ACC-0213,Admin,116,2026-03-10,Chile
USR-00995,ACC-0213,Admin,116,2026-02-16,Chile
USR-00996,ACC-0213,Analyst,116,2026-03-29,Chile
USR-00997,ACC-0213,Operations Manager,116,2026-02-15,Chile
USR-00998,ACC-0213,Admin,116,2026-02-21,Chile
USR-00999,ACC-0213,Support Lead,116,2026-02-18,Chile
USR-01000,ACC-0214,Support Lead,113,2026-03-19,United States
USR-01001,ACC-0214,Analyst,113,2026-03-24,United States
USR-01002,ACC-0214,Executive,113,2026-03-01,United States
USR-01003,ACC-0214,Admin,113,2026-03-08,United States
USR-01004,ACC-0214,Analyst,113,2026-03-07,United States
USR-01005,ACC-0214,Support Lead,113,2026-02-18,United States
USR-01006,ACC-0215,Support Lead,16,2026-03-03,Netherlands
USR-01007,ACC-0215,Operations Manager,16,2026-03-17,Netherlands
USR-01008,ACC-0216,Analyst,576,2026-03-13,Canada
USR-01009,ACC-0216,Analyst,576,2026-03-25,Canada
USR-01010,ACC-0216,Analyst,576,2026-03-22,Canada
USR-01011,ACC-0216,Analyst,576,2026-03-24,Canada
USR-01012,ACC-0216,Operations Manager,576,2026-02-23,Canada
USR-01013,ACC-0216,Operations Manager,576,2026-02-27,Canada
USR-01014,ACC-0216,Operations Manager,576,2026-03-07,Canada
USR-01015,ACC-0216,Support Lead,576,2026-03-14,Canada
USR-01016,ACC-0216,Operations Manager,576,2026-03-01,Canada
USR-01017,ACC-0216,Operations Manager,576,2026-02-23,Canada
USR-01018,ACC-0216,Analyst,576,2026-02-20,Canada
USR-01019,ACC-0216,Analyst,576,2026-03-06,Canada
USR-01020,ACC-0216,Operations Manager,576,2026-02-22,Canada
USR-01021,ACC-0216,Support Lead,576,2026-03-08,Canada
USR-01022,ACC-0217,Operations Manager,781,2026-03-10,Brazil
USR-01023,ACC-0217,Admin,781,2026-02-20,Brazil
USR-01024,ACC-0217,Operations Manager,781,2026-03-13,Brazil
USR-01025,ACC-0217,Executive,781,2026-03-13,Brazil
USR-01026,ACC-0217,Operations Manager,781,2026-03-17,Brazil
USR-01027,ACC-0217,Support Lead,781,2026-03-08,Brazil
USR-01028,ACC-0217,Analyst,781,2026-03-07,Brazil
USR-01029,ACC-0217,Support Lead,781,2026-03-01,Brazil
USR-01030,ACC-0217,Executive,781,2026-03-12,Brazil
USR-01031,ACC-0217,Operations Manager,781,2026-03-21,Brazil
USR-01032,ACC-0217,Executive,781,2026-02-20,Brazil
USR-01033,ACC-0217,Operations Manager,781,2026-03-15,Brazil
USR-01034,ACC-0217,Admin,781,2026-02-18,Brazil
USR-01035,ACC-0217,Admin,781,2026-03-21,Brazil
USR-01036,ACC-0218,Operations Manager,41,2026-03-06,Japan
USR-01037,ACC-0218,Executive,41,2026-03-07,Japan
USR-01038,ACC-0219,Admin,89,2026-02-22,Canada
USR-01039,ACC-0219,Admin,89,2026-03-24,Canada
USR-01040,ACC-0219,Admin,89,2026-02-18,Canada
USR-01041,ACC-0219,Support Lead,89,2026-03-07,Canada
USR-01042,ACC-0220,Admin,35,2026-03-05,India
USR-01043,ACC-0220,Analyst,35,2026-03-08,India
USR-01044,ACC-0221,Operations Manager,22,2026-03-29,France
USR-01045,ACC-0221,Admin,22,2026-03-09,France
USR-01046,ACC-0222,Operations Manager,45,2026-03-19,Singapore
USR-01047,ACC-0222,Executive,45,2026-03-15,Singapore
USR-01048,ACC-0223,Admin,33,2026-03-02,United Kingdom
USR-01049,ACC-0223,Support Lead,33,2026-03-09,United Kingdom
USR-01050,ACC-0224,Admin,23,2026-03-26,Germany
USR-01051,ACC-0224,Executive,23,2026-03-27,Germany
USR-01052,ACC-0225,Support Lead,64,2026-03-22,Canada
USR-01053,ACC-0225,Support Lead,64,2026-03-22,Canada
USR-01054,ACC-0225,Operations Manager,64,2026-03-04,Canada
USR-01055,ACC-0225,Operations Manager,64,2026-03-23,Canada
USR-01056,ACC-0226,Analyst,177,2026-02-20,Brazil
USR-01057,ACC-0226,Operations Manager,177,2026-03-21,Brazil
USR-01058,ACC-0226,Operations Manager,177,2026-03-26,Brazil
USR-01059,ACC-0226,Analyst,177,2026-02-20,Brazil
USR-01060,ACC-0226,Executive,177,2026-03-18,Brazil
USR-01061,ACC-0226,Support Lead,177,2026-03-12,Brazil
USR-01062,ACC-0226,Analyst,177,2026-02-16,Brazil
USR-01063,ACC-0226,Operations Manager,177,2026-02-17,Brazil
USR-01064,ACC-0226,Analyst,177,2026-02-27,Brazil
USR-01065,ACC-0227,Analyst,917,2026-03-27,United States
USR-01066,ACC-0227,Operations Manager,917,2026-03-04,United States
USR-01067,ACC-0227,Executive,917,2026-02-15,United States
USR-01068,ACC-0227,Executive,917,2026-02-17,United States
USR-01069,ACC-0227,Admin,917,2026-03-26,United States
USR-01070,ACC-0227,Executive,917,2026-03-13,United States
USR-01071,ACC-0227,Admin,917,2026-03-17,United States
USR-01072,ACC-0227,Admin,917,2026-03-25,United States
USR-01073,ACC-0227,Executive,917,2026-02-28,United States
USR-01074,ACC-0227,Analyst,917,2026-03-18,United States
USR-01075,ACC-0227,Analyst,917,2026-03-15,United States
USR-01076,ACC-0227,Operations Manager,917,2026-03-27,United States
USR-01077,ACC-0227,Support Lead,917,2026-03-09,United States
USR-01078,ACC-0227,Support Lead,917,2026-03-24,United States
USR-01079,ACC-0228,Analyst,271,2026-03-11,United States
USR-01080,ACC-0228,Executive,271,2026-03-24,United States
USR-01081,ACC-0228,Admin,271,2026-02-17,United States
USR-01082,ACC-0228,Admin,271,2026-03-24,United States
USR-01083,ACC-0228,Operations Manager,271,2026-03-08,United States
USR-01084,ACC-0228,Operations Manager,271,2026-03-22,United States
USR-01085,ACC-0228,Admin,271,2026-03-27,United States
USR-01086,ACC-0228,Executive,271,2026-03-22,United States
USR-01087,ACC-0228,Executive,271,2026-03-28,United States
USR-01088,ACC-0228,Operations Manager,271,2026-03-24,United States
USR-01089,ACC-0228,Support Lead,271,2026-03-09,United States
USR-01090,ACC-0228,Operations Manager,271,2026-03-02,United States
USR-01091,ACC-0228,Executive,271,2026-03-27,United States
USR-01092,ACC-0228,Operations Manager,271,2026-03-11,United States
USR-01093,ACC-0229,Executive,8,2026-03-05,Canada
USR-01094,ACC-0229,Operations Manager,8,2026-03-20,Canada
USR-01095,ACC-0230,Support Lead,48,2026-03-14,United States
USR-01096,ACC-0230,Admin,48,2026-03-27,United States
USR-01097,ACC-0231,Analyst,29,2026-03-21,Canada
USR-01098,ACC-0231,Analyst,29,2026-03-10,Canada
USR-01099,ACC-0232,Analyst,10,2026-02-15,United States
USR-01100,ACC-0232,Admin,10,2026-02-15,United States
USR-01101,ACC-0233,Executive,24,2026-02-15,Canada
USR-01102,ACC-0233,Support Lead,24,2026-03-12,Canada
USR-01103,ACC-0234,Executive,239,2026-03-27,Canada
USR-01104,ACC-0234,Analyst,239,2026-03-16,Canada
USR-01105,ACC-0234,Operations Manager,239,2026-03-20,Canada
USR-01106,ACC-0234,Executive,239,2026-03-30,Canada
USR-01107,ACC-0234,Operations Manager,239,2026-03-26,Canada
USR-01108,ACC-0234,Operations Manager,239,2026-03-11,Canada
USR-01109,ACC-0234,Executive,239,2026-03-16,Canada
USR-01110,ACC-0234,Analyst,239,2026-03-23,Canada
USR-01111,ACC-0234,Executive,239,2026-02-27,Canada
USR-01112,ACC-0234,Operations Manager,239,2026-03-15,Canada
USR-01113,ACC-0234,Admin,239,2026-02-21,Canada
USR-01114,ACC-0234,Operations Manager,239,2026-03-20,Canada
USR-01115,ACC-0234,Analyst,239,2026-03-07,Canada
USR-01116,ACC-0235,Admin,43,2026-03-22,Canada
USR-01117,ACC-0235,Support Lead,43,2026-03-09,Canada
USR-01118,ACC-0236,Executive,23,2026-03-24,United States
USR-01119,ACC-0236,Executive,23,2026-03-23,United States
USR-01120,ACC-0237,Operations Manager,9,2026-03-04,France
USR-01121,ACC-0237,Operations Manager,9,2026-03-19,France
USR-01122,ACC-0238,Executive,106,2026-03-23,United States
USR-01123,ACC-0238,Analyst,106,2026-02-18,United States
USR-01124,ACC-0238,Executive,106,2026-03-29,United States
USR-01125,ACC-0238,Analyst,106,2026-03-06,United States
USR-01126,ACC-0238,Admin,106,2026-03-06,United States
USR-01127,ACC-0239,Analyst,110,2026-03-19,India
USR-01128,ACC-0239,Analyst,110,2026-03-11,India
USR-01129,ACC-0239,Analyst,110,2026-03-27,India
USR-01130,ACC-0239,Analyst,110,2026-02-27,India
USR-01131,ACC-0239,Analyst,110,2026-03-21,India
USR-01132,ACC-0239,Operations Manager,110,2026-03-22,India
USR-01133,ACC-0240,Admin,10,2026-03-17,Canada
USR-01134,ACC-0240,Admin,10,2026-02-19,Canada
USR-01135,ACC-0241,Analyst,10,2026-02-23,United States
USR-01136,ACC-0241,Operations Manager,10,2026-02-17,United States
USR-01137,ACC-0242,Analyst,612,2026-03-02,Australia
USR-01138,ACC-0242,Analyst,612,2026-03-01,Australia
USR-01139,ACC-0242,Support Lead,612,2026-03-09,Australia
USR-01140,ACC-0242,Analyst,612,2026-02-19,Australia
USR-01141,ACC-0242,Executive,612,2026-03-08,Australia
USR-01142,ACC-0242,Analyst,612,2026-03-15,Australia
USR-01143,ACC-0242,Support Lead,612,2026-03-02,Australia
USR-01144,ACC-0242,Analyst,612,2026-03-06,Australia
USR-01145,ACC-0242,Executive,612,2026-03-25,Australia
USR-01146,ACC-0242,Operations Manager,612,2026-03-13,Australia
USR-01147,ACC-0242,Executive,612,2026-03-17,Australia
USR-01148,ACC-0242,Operations Manager,612,2026-02-21,Australia
USR-01149,ACC-0242,Admin,612,2026-03-14,Australia
USR-01150,ACC-0242,Analyst,612,2026-02-22,Australia
USR-01151,ACC-0243,Analyst,24,2026-03-11,Chile
USR-01152,ACC-0243,Admin,24,2026-02-25,Chile
USR-01153,ACC-0244,Operations Manager,25,2026-03-25,United States
USR-01154,ACC-0244,Analyst,25,2026-02-18,United States
USR-01155,ACC-0245,Admin,138,2026-03-09,United States
USR-01156,ACC-0245,Analyst,138,2026-03-19,United States
USR-01157,ACC-0245,Operations Manager,138,2026-03-20,United States
USR-01158,ACC-0245,Admin,138,2026-03-19,United States
USR-01159,ACC-0245,Support Lead,138,2026-03-14,United States
USR-01160,ACC-0245,Executive,138,2026-02-27,United States
USR-01161,ACC-0245,Operations Manager,138,2026-02-17,United States
USR-01162,ACC-0246,Admin,38,2026-03-01,Canada
USR-01163,ACC-0246,Executive,38,2026-03-06,Canada
USR-01164,ACC-0247,Analyst,639,2026-03-11,United States
USR-01165,ACC-0247,Analyst,639,2026-02-22,United States
USR-01166,ACC-0247,Analyst,639,2026-02-21,United States
USR-01167,ACC-0247,Executive,639,2026-03-18,United States
USR-01168,ACC-0247,Executive,639,2026-02-17,United States
USR-01169,ACC-0247,Support Lead,639,2026-03-13,United States
USR-01170,ACC-0247,Operations Manager,639,2026-02-23,United States
USR-01171,ACC-0247,Analyst,639,2026-02-16,United States
USR-01172,ACC-0247,Admin,639,2026-02-28,United States
USR-01173,ACC-0247,Operations Manager,639,2026-03-23,United States
USR-01174,ACC-0247,Executive,639,2026-03-05,United States
USR-01175,ACC-0247,Support Lead,639,2026-03-25,United States
USR-01176,ACC-0247,Executive,639,2026-02-24,United States
USR-01177,ACC-0247,Analyst,639,2026-03-18,United States
USR-01178,ACC-0248,Support Lead,540,2026-02-28,Australia
USR-01179,ACC-0248,Operations Manager,540,2026-02-18,Australia
USR-01180,ACC-0248,Analyst,540,2026-03-23,Australia
USR-01181,ACC-0248,Operations Manager,540,2026-03-13,Australia
USR-01182,ACC-0248,Analyst,540,2026-03-02,Australia
USR-01183,ACC-0248,Executive,540,2026-03-12,Australia
USR-01184,ACC-0248,Admin,540,2026-03-23,Australia
USR-01185,ACC-0248,Support Lead,540,2026-03-29,Australia
USR-01186,ACC-0248,Executive,540,2026-03-13,Australia
USR-01187,ACC-0248,Operations Manager,540,2026-03-02,Australia
USR-01188,ACC-0248,Operations Manager,540,2026-03-05,Australia
USR-01189,ACC-0248,Operations Manager,540,2026-03-24,Australia
USR-01190,ACC-0248,Analyst,540,2026-03-11,Australia
USR-01191,ACC-0248,Analyst,540,2026-03-14,Australia
USR-01192,ACC-0249,Operations Manager,16,2026-03-18,Canada
USR-01193,ACC-0249,Executive,16,2026-02-26,Canada
USR-01194,ACC-0250,Admin,73,2026-03-17,United States
USR-01195,ACC-0250,Operations Manager,73,2026-03-07,United States
USR-01196,ACC-0250,Admin,73,2026-02-18,United States
USR-01197,ACC-0250,Analyst,73,2026-03-07,United States
USR-01198,ACC-0251,Support Lead,37,2026-03-03,Chile
USR-01199,ACC-0251,Analyst,37,2026-03-27,Chile
USR-01200,ACC-0251,Operations Manager,37,2026-03-23,Chile
USR-01201,ACC-0251,Analyst,37,2026-03-26,Chile
USR-01202,ACC-0252,Executive,507,2026-02-25,France
USR-01203,ACC-0252,Operations Manager,507,2026-02-22,France
USR-01204,ACC-0252,Operations Manager,507,2026-03-22,France
USR-01205,ACC-0252,Support Lead,507,2026-03-21,France
USR-01206,ACC-0252,Executive,507,2026-03-16,France
USR-01207,ACC-0252,Admin,507,2026-03-04,France
USR-01208,ACC-0252,Analyst,507,2026-03-03,France
USR-01209,ACC-0252,Operations Manager,507,2026-02-28,France
USR-01210,ACC-0252,Support Lead,507,2026-02-19,France
USR-01211,ACC-0252,Support Lead,507,2026-03-18,France
USR-01212,ACC-0252,Support Lead,507,2026-03-02,France
USR-01213,ACC-0252,Support Lead,507,2026-03-06,France
USR-01214,ACC-0252,Analyst,507,2026-03-17,France
USR-01215,ACC-0252,Operations Manager,507,2026-02-19,France
USR-01216,ACC-0253,Support Lead,166,2026-03-26,Germany
USR-01217,ACC-0253,Operations Manager,166,2026-02-27,Germany
USR-01218,ACC-0253,Support Lead,166,2026-02-26,Germany
USR-01219,ACC-0253,Support Lead,166,2026-02-18,Germany
USR-01220,ACC-0253,Executive,166,2026-03-08,Germany
USR-01221,ACC-0253,Admin,166,2026-03-16,Germany
USR-01222,ACC-0253,Analyst,166,2026-02-22,Germany
USR-01223,ACC-0253,Executive,166,2026-02-25,Germany
USR-01224,ACC-0253,Support Lead,166,2026-03-08,Germany
USR-01225,ACC-0254,Operations Manager,63,2026-02-25,United States
USR-01226,ACC-0254,Executive,63,2026-03-19,United States
USR-01227,ACC-0254,Analyst,63,2026-03-05,United States
USR-01228,ACC-0254,Operations Manager,63,2026-02-20,United States
USR-01229,ACC-0255,Admin,173,2026-03-17,Canada
USR-01230,ACC-0255,Executive,173,2026-03-09,Canada
USR-01231,ACC-0255,Analyst,173,2026-02-17,Canada
USR-01232,ACC-0255,Analyst,173,2026-02-23,Canada
USR-01233,ACC-0255,Analyst,173,2026-02-19,Canada
USR-01234,ACC-0255,Analyst,173,2026-03-14,Canada
USR-01235,ACC-0255,Operations Manager,173,2026-02-15,Canada
USR-01236,ACC-0255,Operations Manager,173,2026-03-24,Canada
USR-01237,ACC-0255,Executive,173,2026-03-08,Canada
USR-01238,ACC-0256,Operations Manager,21,2026-03-09,Netherlands
USR-01239,ACC-0256,Analyst,21,2026-02-23,Netherlands
USR-01240,ACC-0257,Admin,12,2026-02-19,United States
USR-01241,ACC-0257,Admin,12,2026-02-26,United States
USR-01242,ACC-0258,Support Lead,23,2026-03-03,United States
USR-01243,ACC-0258,Support Lead,23,2026-03-12,United States
USR-01244,ACC-0259,Analyst,48,2026-03-08,Canada
USR-01245,ACC-0259,Support Lead,48,2026-03-08,Canada
USR-01246,ACC-0259,Support Lead,48,2026-03-30,Canada
USR-01247,ACC-0259,Analyst,48,2026-03-08,Canada
USR-01248,ACC-0260,Admin,8,2026-02-21,India
USR-01249,ACC-0260,Executive,8,2026-02-27,India
USR-01250,ACC-0261,Operations Manager,30,2026-02-23,Japan
USR-01251,ACC-0261,Admin,30,2026-03-13,Japan
USR-01252,ACC-0262,Support Lead,21,2026-03-07,India
USR-01253,ACC-0262,Operations Manager,21,2026-03-29,India
USR-01254,ACC-0263,Analyst,28,2026-03-14,Germany
USR-01255,ACC-0263,Admin,28,2026-03-10,Germany
USR-01256,ACC-0264,Analyst,175,2026-03-19,United States
USR-01257,ACC-0264,Support Lead,175,2026-03-29,United States
USR-01258,ACC-0264,Support Lead,175,2026-02-28,United States
USR-01259,ACC-0264,Analyst,175,2026-03-11,United States
USR-01260,ACC-0264,Analyst,175,2026-03-12,United States
USR-01261,ACC-0264,Support Lead,175,2026-03-20,United States
USR-01262,ACC-0264,Operations Manager,175,2026-03-07,United States
USR-01263,ACC-0264,Executive,175,2026-03-11,United States
USR-01264,ACC-0264,Support Lead,175,2026-03-10,United States
USR-01265,ACC-0265,Operations Manager,235,2026-03-05,United States
USR-01266,ACC-0265,Analyst,235,2026-03-30,United States
USR-01267,ACC-0265,Analyst,235,2026-02-19,United States
USR-01268,ACC-0265,Analyst,235,2026-03-27,United States
USR-01269,ACC-0265,Support Lead,235,2026-03-11,United States
USR-01270,ACC-0265,Support Lead,235,2026-03-21,United States
USR-01271,ACC-0265,Operations Manager,235,2026-03-07,United States
USR-01272,ACC-0265,Operations Manager,235,2026-03-18,United States
USR-01273,ACC-0265,Operations Manager,235,2026-02-21,United States
USR-01274,ACC-0265,Support Lead,235,2026-03-13,United States
USR-01275,ACC-0265,Analyst,235,2026-03-02,United States
USR-01276,ACC-0265,Admin,235,2026-03-20,United States
USR-01277,ACC-0265,Analyst,235,2026-03-30,United States
USR-01278,ACC-0266,Support Lead,553,2026-03-13,United States
USR-01279,ACC-0266,Admin,553,2026-03-07,United States
USR-01280,ACC-0266,Support Lead,553,2026-03-10,United States
USR-01281,ACC-0266,Analyst,553,2026-02-16,United States
USR-01282,ACC-0266,Admin,553,2026-02-27,United States
USR-01283,ACC-0266,Support Lead,553,2026-02-15,United States
USR-01284,ACC-0266,Operations Manager,553,2026-03-18,United States
USR-01285,ACC-0266,Admin,553,2026-02-24,United States
USR-01286,ACC-0266,Operations Manager,553,2026-03-06,United States
USR-01287,ACC-0266,Support Lead,553,2026-03-04,United States
USR-01288,ACC-0266,Executive,553,2026-02-15,United States
USR-01289,ACC-0266,Analyst,553,2026-03-02,United States
USR-01290,ACC-0266,Analyst,553,2026-02-19,United States
USR-01291,ACC-0266,Operations Manager,553,2026-02-27,United States
USR-01292,ACC-0267,Support Lead,143,2026-03-25,Canada
USR-01293,ACC-0267,Analyst,143,2026-02-28,Canada
USR-01294,ACC-0267,Analyst,143,2026-03-09,Canada
USR-01295,ACC-0267,Analyst,143,2026-02-18,Canada
USR-01296,ACC-0267,Support Lead,143,2026-02-23,Canada
USR-01297,ACC-0267,Support Lead,143,2026-03-26,Canada
USR-01298,ACC-0267,Executive,143,2026-03-25,Canada
USR-01299,ACC-0268,Operations Manager,26,2026-03-27,Germany
USR-01300,ACC-0268,Analyst,26,2026-03-09,Germany
USR-01301,ACC-0269,Analyst,169,2026-03-27,United States
USR-01302,ACC-0269,Analyst,169,2026-02-27,United States
USR-01303,ACC-0269,Analyst,169,2026-03-06,United States
USR-01304,ACC-0269,Support Lead,169,2026-02-22,United States
USR-01305,ACC-0269,Executive,169,2026-03-18,United States
USR-01306,ACC-0269,Operations Manager,169,2026-03-08,United States
USR-01307,ACC-0269,Analyst,169,2026-03-25,United States
USR-01308,ACC-0269,Operations Manager,169,2026-02-20,United States
USR-01309,ACC-0269,Analyst,169,2026-03-23,United States
USR-01310,ACC-0270,Operations Manager,168,2026-03-26,Germany
USR-01311,ACC-0270,Executive,168,2026-03-21,Germany
USR-01312,ACC-0270,Executive,168,2026-02-23,Germany
USR-01313,ACC-0270,Executive,168,2026-03-26,Germany
USR-01314,ACC-0270,Operations Manager,168,2026-03-03,Germany
USR-01315,ACC-0270,Admin,168,2026-02-26,Germany
USR-01316,ACC-0270,Admin,168,2026-02-25,Germany
USR-01317,ACC-0270,Operations Manager,168,2026-03-22,Germany
USR-01318,ACC-0270,Support Lead,168,2026-03-28,Germany
USR-01319,ACC-0271,Support Lead,702,2026-03-11,United States
USR-01320,ACC-0271,Admin,702,2026-03-22,United States
USR-01321,ACC-0271,Executive,702,2026-02-28,United States
USR-01322,ACC-0271,Analyst,702,2026-03-15,United States
USR-01323,ACC-0271,Operations Manager,702,2026-03-11,United States
USR-01324,ACC-0271,Executive,702,2026-03-26,United States
USR-01325,ACC-0271,Admin,702,2026-03-06,United States
USR-01326,ACC-0271,Executive,702,2026-03-22,United States
USR-01327,ACC-0271,Executive,702,2026-03-01,United States
USR-01328,ACC-0271,Analyst,702,2026-03-27,United States
USR-01329,ACC-0271,Operations Manager,702,2026-02-16,United States
USR-01330,ACC-0271,Analyst,702,2026-02-28,United States
USR-01331,ACC-0271,Analyst,702,2026-03-23,United States
USR-01332,ACC-0271,Operations Manager,702,2026-03-30,United States
USR-01333,ACC-0272,Admin,62,2026-03-16,Netherlands
USR-01334,ACC-0272,Operations Manager,62,2026-03-24,Netherlands
USR-01335,ACC-0272,Operations Manager,62,2026-03-21,Netherlands
USR-01336,ACC-0272,Analyst,62,2026-02-20,Netherlands
USR-01337,ACC-0273,Support Lead,34,2026-03-04,France
USR-01338,ACC-0273,Analyst,34,2026-03-23,France
USR-01339,ACC-0274,Admin,140,2026-03-06,Germany
USR-01340,ACC-0274,Support Lead,140,2026-03-19,Germany
USR-01341,ACC-0274,Support Lead,140,2026-02-16,Germany
USR-01342,ACC-0274,Analyst,140,2026-03-29,Germany
USR-01343,ACC-0274,Operations Manager,140,2026-02-26,Germany
USR-01344,ACC-0274,Support Lead,140,2026-02-24,Germany
USR-01345,ACC-0274,Analyst,140,2026-03-28,Germany
USR-01346,ACC-0275,Admin,51,2026-03-23,United States
USR-01347,ACC-0275,Operations Manager,51,2026-03-14,United States
USR-01348,ACC-0276,Admin,34,2026-02-20,India
USR-01349,ACC-0276,Support Lead,34,2026-03-07,India
USR-01350,ACC-0277,Operations Manager,663,2026-03-02,France
USR-01351,ACC-0277,Operations Manager,663,2026-02-24,France
USR-01352,ACC-0277,Admin,663,2026-02-22,France
USR-01353,ACC-0277,Admin,663,2026-03-10,France
USR-01354,ACC-0277,Executive,663,2026-03-08,France
USR-01355,ACC-0277,Analyst,663,2026-02-27,France
USR-01356,ACC-0277,Support Lead,663,2026-03-19,France
USR-01357,ACC-0277,Executive,663,2026-02-21,France
USR-01358,ACC-0277,Analyst,663,2026-03-30,France
USR-01359,ACC-0277,Analyst,663,2026-03-22,France
USR-01360,ACC-0277,Operations Manager,663,2026-02-23,France
USR-01361,ACC-0277,Executive,663,2026-03-16,France
USR-01362,ACC-0277,Admin,663,2026-03-24,France
USR-01363,ACC-0277,Executive,663,2026-03-22,France
USR-01364,ACC-0278,Executive,121,2026-03-07,Canada
USR-01365,ACC-0278,Operations Manager,121,2026-02-21,Canada
USR-01366,ACC-0278,Operations Manager,121,2026-03-27,Canada
USR-01367,ACC-0278,Support Lead,121,2026-03-29,Canada
USR-01368,ACC-0278,Operations Manager,121,2026-03-10,Canada
USR-01369,ACC-0278,Admin,121,2026-02-16,Canada
USR-01370,ACC-0279,Executive,22,2026-03-18,Canada
USR-01371,ACC-0279,Admin,22,2026-02-16,Canada
USR-01372,ACC-0280,Operations Manager,77,2026-02-19,Canada
USR-01373,ACC-0280,Executive,77,2026-03-18,Canada
USR-01374,ACC-0280,Executive,77,2026-02-23,Canada
USR-01375,ACC-0280,Support Lead,77,2026-02-28,Canada
USR-01376,ACC-0281,Analyst,111,2026-03-08,Netherlands
USR-01377,ACC-0281,Executive,111,2026-03-12,Netherlands
USR-01378,ACC-0281,Operations Manager,111,2026-02-23,Netherlands
USR-01379,ACC-0281,Operations Manager,111,2026-02-24,Netherlands
USR-01380,ACC-0281,Support Lead,111,2026-02-25,Netherlands
USR-01381,ACC-0281,Operations Manager,111,2026-02-15,Netherlands
USR-01382,ACC-0282,Admin,32,2026-03-09,United Kingdom
USR-01383,ACC-0282,Operations Manager,32,2026-02-23,United Kingdom
USR-01384,ACC-0283,Executive,19,2026-02-21,Canada
USR-01385,ACC-0283,Operations Manager,19,2026-03-21,Canada
USR-01386,ACC-0284,Operations Manager,46,2026-03-29,France
USR-01387,ACC-0284,Analyst,46,2026-03-13,France
USR-01388,ACC-0285,Admin,11,2026-02-21,United States
USR-01389,ACC-0285,Admin,11,2026-03-18,United States
USR-01390,ACC-0286,Support Lead,169,2026-02-28,France
USR-01391,ACC-0286,Executive,169,2026-03-30,France
USR-01392,ACC-0286,Analyst,169,2026-03-15,France
USR-01393,ACC-0286,Analyst,169,2026-03-03,France
USR-01394,ACC-0286,Analyst,169,2026-03-25,France
USR-01395,ACC-0286,Admin,169,2026-02-19,France
USR-01396,ACC-0286,Analyst,169,2026-03-24,France
USR-01397,ACC-0286,Admin,169,2026-02-18,France
USR-01398,ACC-0286,Analyst,169,2026-03-21,France
USR-01399,ACC-0287,Admin,17,2026-02-15,Canada
USR-01400,ACC-0287,Executive,17,2026-03-04,Canada
USR-01401,ACC-0288,Admin,31,2026-03-27,Canada
USR-01402,ACC-0288,Admin,31,2026-03-28,Canada
USR-01403,ACC-0289,Operations Manager,12,2026-03-27,Australia
USR-01404,ACC-0289,Operations Manager,12,2026-03-05,Australia
USR-01405,ACC-0290,Operations Manager,47,2026-02-23,Germany
USR-01406,ACC-0290,Support Lead,47,2026-03-13,Germany
USR-01407,ACC-0290,Admin,47,2026-03-11,Germany
USR-01408,ACC-0290,Operations Manager,47,2026-03-05,Germany
USR-01409,ACC-0291,Executive,617,2026-03-07,Mexico
USR-01410,ACC-0291,Admin,617,2026-02-28,Mexico
USR-01411,ACC-0291,Operations Manager,617,2026-03-10,Mexico
USR-01412,ACC-0291,Support Lead,617,2026-02-27,Mexico
USR-01413,ACC-0291,Operations Manager,617,2026-02-15,Mexico
USR-01414,ACC-0291,Analyst,617,2026-03-15,Mexico
USR-01415,ACC-0291,Admin,617,2026-03-30,Mexico
USR-01416,ACC-0291,Support Lead,617,2026-03-25,Mexico
USR-01417,ACC-0291,Executive,617,2026-03-06,Mexico
USR-01418,ACC-0291,Operations Manager,617,2026-03-15,Mexico
USR-01419,ACC-0291,Support Lead,617,2026-02-17,Mexico
USR-01420,ACC-0291,Analyst,617,2026-03-03,Mexico
USR-01421,ACC-0291,Analyst,617,2026-03-08,Mexico
USR-01422,ACC-0291,Operations Manager,617,2026-02-23,Mexico
USR-01423,ACC-0292,Executive,47,2026-03-19,Canada
USR-01424,ACC-0292,Operations Manager,47,2026-02-22,Canada
USR-01425,ACC-0293,Admin,154,2026-03-30,Canada
USR-01426,ACC-0293,Support Lead,154,2026-03-03,Canada
USR-01427,ACC-0293,Operations Manager,154,2026-02-17,Canada
USR-01428,ACC-0293,Executive,154,2026-02-24,Canada
USR-01429,ACC-0293,Operations Manager,154,2026-02-21,Canada
USR-01430,ACC-0293,Operations Manager,154,2026-03-13,Canada
USR-01431,ACC-0293,Operations Manager,154,2026-02-22,Canada
USR-01432,ACC-0293,Executive,154,2026-03-06,Canada
USR-01433,ACC-0294,Admin,44,2026-03-03,United Kingdom
USR-01434,ACC-0294,Operations Manager,44,2026-03-28,United Kingdom
USR-01435,ACC-0294,Executive,44,2026-03-22,United Kingdom
USR-01436,ACC-0294,Admin,44,2026-03-06,United Kingdom
USR-01437,ACC-0295,Admin,43,2026-03-28,Netherlands
USR-01438,ACC-0295,Executive,43,2026-02-26,Netherlands
USR-01439,ACC-0296,Analyst,142,2026-02-22,Japan
USR-01440,ACC-0296,Analyst,142,2026-02-18,Japan
USR-01441,ACC-0296,Analyst,142,2026-03-26,Japan
USR-01442,ACC-0296,Analyst,142,2026-02-17,Japan
USR-01443,ACC-0296,Analyst,142,2026-03-28,Japan
USR-01444,ACC-0296,Operations Manager,142,2026-03-10,Japan
USR-01445,ACC-0296,Operations Manager,142,2026-02-22,Japan
USR-01446,ACC-0297,Operations Manager,148,2026-03-27,United Kingdom
USR-01447,ACC-0297,Analyst,148,2026-03-30,United Kingdom
USR-01448,ACC-0297,Support Lead,148,2026-03-29,United Kingdom
USR-01449,ACC-0297,Operations Manager,148,2026-03-08,United Kingdom
USR-01450,ACC-0297,Admin,148,2026-02-23,United Kingdom
USR-01451,ACC-0297,Analyst,148,2026-03-25,United Kingdom
USR-01452,ACC-0297,Analyst,148,2026-03-25,United Kingdom
USR-01453,ACC-0297,Executive,148,2026-03-05,United Kingdom
USR-01454,ACC-0298,Operations Manager,87,2026-03-20,Canada
USR-01455,ACC-0298,Analyst,87,2026-02-26,Canada
USR-01456,ACC-0298,Operations Manager,87,2026-02-17,Canada
USR-01457,ACC-0298,Operations Manager,87,2026-02-25,Canada
USR-01458,ACC-0299,Support Lead,293,2026-02-20,Mexico
USR-01459,ACC-0299,Support Lead,293,2026-03-08,Mexico
USR-01460,ACC-0299,Executive,293,2026-02-22,Mexico
USR-01461,ACC-0299,Admin,293,2026-03-22,Mexico
USR-01462,ACC-0299,Analyst,293,2026-03-27,Mexico
USR-01463,ACC-0299,Admin,293,2026-03-02,Mexico
USR-01464,ACC-0299,Analyst,293,2026-03-28,Mexico
USR-01465,ACC-0299,Operations Manager,293,2026-02-19,Mexico
USR-01466,ACC-0299,Analyst,293,2026-02-28,Mexico
USR-01467,ACC-0299,Analyst,293,2026-02-17,Mexico
USR-01468,ACC-0299,Support Lead,293,2026-03-17,Mexico
USR-01469,ACC-0299,Operations Manager,293,2026-03-09,Mexico
USR-01470,ACC-0299,Admin,293,2026-02-26,Mexico
USR-01471,ACC-0299,Executive,293,2026-03-20,Mexico
USR-01472,ACC-0300,Operations Manager,34,2026-03-07,Canada
USR-01473,ACC-0300,Analyst,34,2026-03-01,Canada
USR-01474,ACC-0301,Support Lead,811,2026-02-15,United States
USR-01475,ACC-0301,Admin,811,2026-02-26,United States
USR-01476,ACC-0301,Operations Manager,811,2026-03-25,United States
USR-01477,ACC-0301,Executive,811,2026-03-10,United States
USR-01478,ACC-0301,Analyst,811,2026-03-05,United States
USR-01479,ACC-0301,Admin,811,2026-03-24,United States
USR-01480,ACC-0301,Admin,811,2026-03-11,United States
USR-01481,ACC-0301,Support Lead,811,2026-03-18,United States
USR-01482,ACC-0301,Admin,811,2026-03-25,United States
USR-01483,ACC-0301,Operations Manager,811,2026-03-08,United States
USR-01484,ACC-0301,Operations Manager,811,2026-03-23,United States
USR-01485,ACC-0301,Executive,811,2026-03-05,United States
USR-01486,ACC-0301,Executive,811,2026-03-23,United States
USR-01487,ACC-0301,Executive,811,2026-02-27,United States
USR-01488,ACC-0302,Support Lead,71,2026-03-22,France
USR-01489,ACC-0302,Analyst,71,2026-02-19,France
USR-01490,ACC-0302,Analyst,71,2026-03-29,France
USR-01491,ACC-0302,Analyst,71,2026-03-08,France
USR-01492,ACC-0303,Operations Manager,41,2026-03-16,India
USR-01493,ACC-0303,Analyst,41,2026-03-21,India
USR-01494,ACC-0304,Operations Manager,54,2026-03-10,Singapore
USR-01495,ACC-0304,Support Lead,54,2026-02-21,Singapore
USR-01496,ACC-0304,Analyst,54,2026-02-18,Singapore
USR-01497,ACC-0305,Analyst,54,2026-03-17,Canada
USR-01498,ACC-0305,Operations Manager,54,2026-03-24,Canada
USR-01499,ACC-0305,Analyst,54,2026-02-27,Canada
USR-01500,ACC-0306,Analyst,111,2026-03-05,Japan
USR-01501,ACC-0306,Executive,111,2026-03-22,Japan
USR-01502,ACC-0306,Analyst,111,2026-02-25,Japan
USR-01503,ACC-0306,Analyst,111,2026-03-08,Japan
USR-01504,ACC-0306,Operations Manager,111,2026-03-02,Japan
USR-01505,ACC-0306,Operations Manager,111,2026-03-15,Japan
USR-01506,ACC-0307,Analyst,12,2026-03-11,Mexico
USR-01507,ACC-0307,Support Lead,12,2026-03-23,Mexico
USR-01508,ACC-0308,Admin,38,2026-02-25,Japan
USR-01509,ACC-0308,Admin,38,2026-03-24,Japan
USR-01510,ACC-0309,Admin,145,2026-02-24,United States
USR-01511,ACC-0309,Executive,145,2026-02-23,United States
USR-01512,ACC-0309,Analyst,145,2026-02-26,United States
USR-01513,ACC-0309,Analyst,145,2026-03-30,United States
USR-01514,ACC-0309,Support Lead,145,2026-03-18,United States
USR-01515,ACC-0309,Admin,145,2026-03-10,United States
USR-01516,ACC-0309,Operations Manager,145,2026-03-04,United States
USR-01517,ACC-0309,Analyst,145,2026-02-18,United States
USR-01518,ACC-0310,Admin,45,2026-03-14,Singapore
USR-01519,ACC-0310,Operations Manager,45,2026-02-20,Singapore
USR-01520,ACC-0311,Admin,510,2026-03-23,Netherlands
USR-01521,ACC-0311,Analyst,510,2026-03-14,Netherlands
USR-01522,ACC-0311,Operations Manager,510,2026-03-28,Netherlands
USR-01523,ACC-0311,Executive,510,2026-02-26,Netherlands
USR-01524,ACC-0311,Executive,510,2026-03-24,Netherlands
USR-01525,ACC-0311,Analyst,510,2026-03-19,Netherlands
USR-01526,ACC-0311,Operations Manager,510,2026-02-24,Netherlands
USR-01527,ACC-0311,Operations Manager,510,2026-03-07,Netherlands
USR-01528,ACC-0311,Support Lead,510,2026-03-30,Netherlands
USR-01529,ACC-0311,Support Lead,510,2026-03-30,Netherlands
USR-01530,ACC-0311,Executive,510,2026-03-08,Netherlands
USR-01531,ACC-0311,Admin,510,2026-03-17,Netherlands
USR-01532,ACC-0311,Executive,510,2026-03-23,Netherlands
USR-01533,ACC-0311,Support Lead,510,2026-03-04,Netherlands
USR-01534,ACC-0312,Operations Manager,17,2026-03-20,United States
USR-01535,ACC-0312,Executive,17,2026-03-04,United States
USR-01536,ACC-0313,Admin,39,2026-03-14,Chile
USR-01537,ACC-0313,Support Lead,39,2026-03-22,Chile
USR-01538,ACC-0314,Admin,14,2026-03-24,Japan
USR-01539,ACC-0314,Analyst,14,2026-03-20,Japan
USR-01540,ACC-0315,Support Lead,123,2026-03-29,Canada
USR-01541,ACC-0315,Analyst,123,2026-03-17,Canada
USR-01542,ACC-0315,Admin,123,2026-02-19,Canada
USR-01543,ACC-0315,Analyst,123,2026-02-22,Canada
USR-01544,ACC-0315,Analyst,123,2026-03-14,Canada
USR-01545,ACC-0315,Support Lead,123,2026-03-05,Canada
USR-01546,ACC-0316,Executive,45,2026-03-06,Canada
USR-01547,ACC-0316,Executive,45,2026-02-22,Canada
USR-01548,ACC-0316,Support Lead,45,2026-03-20,Canada
USR-01549,ACC-0316,Executive,45,2026-03-17,Canada
USR-01550,ACC-0317,Executive,173,2026-03-17,Mexico
USR-01551,ACC-0317,Admin,173,2026-03-29,Mexico
USR-01552,ACC-0317,Analyst,173,2026-03-17,Mexico
USR-01553,ACC-0317,Support Lead,173,2026-02-20,Mexico
USR-01554,ACC-0317,Admin,173,2026-02-18,Mexico
USR-01555,ACC-0317,Analyst,173,2026-03-26,Mexico
USR-01556,ACC-0317,Admin,173,2026-03-10,Mexico
USR-01557,ACC-0317,Analyst,173,2026-03-14,Mexico
USR-01558,ACC-0317,Analyst,173,2026-03-09,Mexico
USR-01559,ACC-0318,Admin,47,2026-03-06,Canada
USR-01560,ACC-0318,Admin,47,2026-03-30,Canada
USR-01561,ACC-0319,Analyst,49,2026-02-21,Canada
USR-01562,ACC-0319,Analyst,49,2026-02-16,Canada
USR-01563,ACC-0320,Admin,30,2026-03-02,Germany
USR-01564,ACC-0320,Support Lead,30,2026-03-01,Germany
